Date;Hour;Day_type;Zone;TypeFlux;Home_Zone;Activity_Zone;Volume
2020-02-01;20:30:00;WE;Haut-Katanga;Entree;Haut-Katanga;Haut-Katanga;3917
2020-02-01;20:30:00;WE;Haut-Katanga;Entree;Haut-Katanga;Lualaba;979
2020-02-01;20:30:00;WE;Haut-Katanga;Entree;Hors_Zone;Haut-Katanga;326
2020-02-01;20:30:00;WE;Haut-Katanga;Entree;Hors_Zone;Hors_Zone;652
2020-02-01;20:30:00;WE;Haut-Katanga;Entree;Lualaba;Lualaba;3264
2020-02-01;20:30:00;WE;Haut-Katanga;Sortie;Haut-Katanga;Haut-Katanga;2611
2020-02-01;20:30:00;WE;Haut-Katanga;Sortie;Haut-Katanga;Lualaba;326
2020-02-01;20:30:00;WE;Haut-Katanga;Sortie;Lualaba;Haut-Katanga;652
2020-02-01;20:30:00;WE;Haut-Katanga;Sortie;Lualaba;Lualaba;1632
2020-02-01;20:30:00;WE;Haut-Lomami;Entree;Haut-Lomami;Haut-Lomami;326
2020-02-01;20:30:00;WE;Haut-Lomami;Entree;Kasai;Hors_Zone;4504
2020-02-01;20:30:00;WE;Haut-Lomami;Entree;Kasai;Kasai;9009
2020-02-01;20:30:00;WE;Haut-Lomami;Entree;Kasai-Oriental;Kasai-Oriental;387
2020-02-01;20:30:00;WE;Haut-Lomami;Entree;Kinshasa;Kinshasa;98
2020-02-01;20:30:00;WE;Haut-Lomami;Entree;Lomami;Lomami;387
2020-02-01;20:30:00;WE;Haut-Lomami;Sortie;Haut-Lomami;Haut-Lomami;326
2020-02-01;20:30:00;WE;Haut-Lomami;Sortie;Hors_Zone;Hors_Zone;652
2020-02-01;20:30:00;WE;Haut-Lomami;Sortie;Hors_Zone;Kasai;4504
2020-02-01;20:30:00;WE;Haut-Lomami;Sortie;Kasai;Kasai;9009
2020-02-01;20:30:00;WE;Haut-Lomami;Sortie;Lomami;Haut-Lomami;326
2020-02-01;20:30:00;WE;Haut-Lomami;Sortie;Lomami;Lomami;387
2020-02-01;20:30:00;WE;Kasai;Entree;Kasai-Central;Kasai-Central;4504
2020-02-01;20:30:00;WE;Kasai;Sortie;Haut-Lomami;Kasai;326
2020-02-01;20:30:00;WE;Kasai;Sortie;Kasai;Hors_Zone;4504
2020-02-01;20:30:00;WE;Kasai;Sortie;Kinshasa;Kinshasa;387
2020-02-01;20:30:00;WE;Kasai-Central;Entree;Hors_Zone;Hors_Zone;775
2020-02-01;20:30:00;WE;Kasai-Central;Entree;Hors_Zone;Kasai-Oriental;387
2020-02-01;20:30:00;WE;Kasai-Central;Entree;Kasai-Central;Kasai-Central;4504
2020-02-01;20:30:00;WE;Kasai-Central;Entree;Kasai-Oriental;Hors_Zone;387
2020-02-01;20:30:00;WE;Kasai-Central;Entree;Kasai-Oriental;Kasai-Oriental;387
2020-02-01;20:30:00;WE;Kasai-Central;Sortie;Hors_Zone;Hors_Zone;4892
2020-02-01;20:30:00;WE;Kasai-Central;Sortie;Hors_Zone;Kasai-Oriental;387
2020-02-01;20:30:00;WE;Kasai-Central;Sortie;Kasai-Central;Kasai-Central;13513
2020-02-01;20:30:00;WE;Kasai-Central;Sortie;Kasai-Central;Kasai-Oriental;4504
2020-02-01;20:30:00;WE;Kasai-Central;Sortie;Kasai-Oriental;Kasai-Central;775
2020-02-01;20:30:00;WE;Kasai-Central;Sortie;Kasai-Oriental;Kasai-Oriental;5667
2020-02-01;20:30:00;WE;Kasai-Oriental;Entree;Hors_Zone;Hors_Zone;2713
2020-02-01;20:30:00;WE;Kasai-Oriental;Entree;Hors_Zone;Kasai-Oriental;1162
2020-02-01;20:30:00;WE;Kasai-Oriental;Entree;Hors_Zone;Lomami;1550
2020-02-01;20:30:00;WE;Kasai-Oriental;Entree;Kasai-Central;Kasai-Central;13513
2020-02-01;20:30:00;WE;Kasai-Oriental;Entree;Kasai-Central;Kasai-Oriental;4504
2020-02-01;20:30:00;WE;Kasai-Oriental;Entree;Kasai-Oriental;Kasai-Central;387
2020-02-01;20:30:00;WE;Kasai-Oriental;Entree;Kasai-Oriental;Kasai-Oriental;13031
2020-02-01;20:30:00;WE;Kasai-Oriental;Entree;Kasai-Oriental;Lomami;1937
2020-02-01;20:30:00;WE;Kasai-Oriental;Entree;Lomami;Hors_Zone;387
2020-02-01;20:30:00;WE;Kasai-Oriental;Entree;Lomami;Kasai-Oriental;2713
2020-02-01;20:30:00;WE;Kasai-Oriental;Entree;Lomami;Lomami;5813
2020-02-01;20:30:00;WE;Kasai-Oriental;Sortie;Hors_Zone;Hors_Zone;10559
2020-02-01;20:30:00;WE;Kasai-Oriental;Sortie;Hors_Zone;Kasai-Oriental;775
2020-02-01;20:30:00;WE;Kasai-Oriental;Sortie;Hors_Zone;Lomami;387
2020-02-01;20:30:00;WE;Kasai-Oriental;Sortie;Kasai-Central;Kasai-Central;18405
2020-02-01;20:30:00;WE;Kasai-Oriental;Sortie;Kasai-Oriental;Hors_Zone;775
2020-02-01;20:30:00;WE;Kasai-Oriental;Sortie;Kasai-Oriental;Kasai-Oriental;10318
2020-02-01;20:30:00;WE;Kasai-Oriental;Sortie;Kasai-Oriental;Lomami;1162
2020-02-01;20:30:00;WE;Kasai-Oriental;Sortie;Lomami;Hors_Zone;387
2020-02-01;20:30:00;WE;Kasai-Oriental;Sortie;Lomami;Kasai-Oriental;775
2020-02-01;20:30:00;WE;Kasai-Oriental;Sortie;Lomami;Lomami;9689
2020-02-01;20:30:00;WE;Kinshasa;Entree;Hors_Zone;Hors_Zone;215
2020-02-01;20:30:00;WE;Kinshasa;Entree;Kinshasa;Hors_Zone;98
2020-02-01;20:30:00;WE;Kinshasa;Entree;Kinshasa;Kinshasa;511
2020-02-01;20:30:00;WE;Kinshasa;Entree;Kinshasa;Kongo-Central;107
2020-02-01;20:30:00;WE;Kinshasa;Entree;Kongo-Central;Hors_Zone;98
2020-02-01;20:30:00;WE;Kinshasa;Entree;Kongo-Central;Kinshasa;511
2020-02-01;20:30:00;WE;Kinshasa;Entree;Kongo-Central;Kongo-Central;421
2020-02-01;20:30:00;WE;Kinshasa;Sortie;Hors_Zone;Hors_Zone;98
2020-02-01;20:30:00;WE;Kinshasa;Sortie;Kinshasa;Kinshasa;1194
2020-02-01;20:30:00;WE;Kinshasa;Sortie;Kongo-Central;Hors_Zone;107
2020-02-01;20:30:00;WE;Kinshasa;Sortie;Kongo-Central;Kinshasa;98
2020-02-01;20:30:00;WE;Kinshasa;Sortie;Kongo-Central;Kongo-Central;537
2020-02-01;20:30:00;WE;Kongo-Central;Entree;Hors_Zone;Hors_Zone;206
2020-02-01;20:30:00;WE;Kongo-Central;Entree;Kinshasa;Kinshasa;1924
2020-02-01;20:30:00;WE;Kongo-Central;Entree;Kongo-Central;Hors_Zone;215
2020-02-01;20:30:00;WE;Kongo-Central;Entree;Kongo-Central;Kinshasa;98
2020-02-01;20:30:00;WE;Kongo-Central;Entree;Kongo-Central;Kongo-Central;657
2020-02-01;20:30:00;WE;Kongo-Central;Sortie;Hors_Zone;Hors_Zone;98
2020-02-01;20:30:00;WE;Kongo-Central;Sortie;Hors_Zone;Kinshasa;98
2020-02-01;20:30:00;WE;Kongo-Central;Sortie;Kinshasa;Hors_Zone;98
2020-02-01;20:30:00;WE;Kongo-Central;Sortie;Kinshasa;Kinshasa;700
2020-02-01;20:30:00;WE;Kongo-Central;Sortie;Kongo-Central;Hors_Zone;98
2020-02-01;20:30:00;WE;Kongo-Central;Sortie;Kongo-Central;Kinshasa;197
2020-02-01;20:30:00;WE;Kongo-Central;Sortie;Kongo-Central;Kongo-Central;107
2020-02-01;20:30:00;WE;Kwilu;Entree;Hors_Zone;Hors_Zone;10036
2020-02-01;20:30:00;WE;Kwilu;Entree;Kasai;Kasai;4504
2020-02-01;20:30:00;WE;Lomami;Entree;Haut-Lomami;Haut-Lomami;326
2020-02-01;20:30:00;WE;Lomami;Entree;Hors_Zone;Hors_Zone;3427
2020-02-01;20:30:00;WE;Lomami;Entree;Hors_Zone;Kasai-Oriental;1550
2020-02-01;20:30:00;WE;Lomami;Entree;Hors_Zone;Lomami;4504
2020-02-01;20:30:00;WE;Lomami;Entree;Kasai-Oriental;Hors_Zone;387
2020-02-01;20:30:00;WE;Lomami;Entree;Kasai-Oriental;Kasai-Oriental;8526
2020-02-01;20:30:00;WE;Lomami;Entree;Kasai-Oriental;Lomami;1937
2020-02-01;20:30:00;WE;Lomami;Entree;Lomami;Hors_Zone;326
2020-02-01;20:30:00;WE;Lomami;Entree;Lomami;Kasai-Oriental;1937
2020-02-01;20:30:00;WE;Lomami;Entree;Lomami;Lomami;5813
2020-02-01;20:30:00;WE;Lomami;Sortie;Haut-Lomami;Haut-Lomami;652
2020-02-01;20:30:00;WE;Lomami;Sortie;Hors_Zone;Hors_Zone;1550
2020-02-01;20:30:00;WE;Lomami;Sortie;Hors_Zone;Kasai-Oriental;1162
2020-02-01;20:30:00;WE;Lomami;Sortie;Hors_Zone;Lomami;387
2020-02-01;20:30:00;WE;Lomami;Sortie;Kasai-Oriental;Kasai-Oriental;10077
2020-02-01;20:30:00;WE;Lomami;Sortie;Kasai-Oriental;Lomami;1162
2020-02-01;20:30:00;WE;Lomami;Sortie;Lomami;Hors_Zone;387
2020-02-01;20:30:00;WE;Lomami;Sortie;Lomami;Kasai-Oriental;5038
2020-02-01;20:30:00;WE;Lomami;Sortie;Lomami;Lomami;5426
2020-02-01;20:30:00;WE;Lualaba;Entree;Haut-Katanga;Haut-Katanga;12080
2020-02-01;20:30:00;WE;Lualaba;Entree;Haut-Katanga;Lualaba;326
2020-02-01;20:30:00;WE;Lualaba;Entree;Hors_Zone;Haut-Katanga;326
2020-02-01;20:30:00;WE;Lualaba;Entree;Hors_Zone;Hors_Zone;326
2020-02-01;20:30:00;WE;Lualaba;Entree;Hors_Zone;Lualaba;326
2020-02-01;20:30:00;WE;Lualaba;Entree;Lualaba;Lualaba;652
2020-02-01;20:30:00;WE;Lualaba;Sortie;Haut-Katanga;Haut-Katanga;9794
2020-02-01;20:30:00;WE;Lualaba;Sortie;Haut-Katanga;Hors_Zone;326
2020-02-01;20:30:00;WE;Lualaba;Sortie;Hors_Zone;Haut-Katanga;652
2020-02-01;20:30:00;WE;Lualaba;Sortie;Hors_Zone;Hors_Zone;1305
2020-02-01;20:30:00;WE;Lualaba;Sortie;Lualaba;Lualaba;1305
2020-02-01;20:30:00;WE;Nord-Kivu;Entree;Hors_Zone;Hors_Zone;2256
2020-02-01;20:30:00;WE;Nord-Kivu;Entree;Hors_Zone;Sud-Kivu;743
2020-02-01;20:30:00;WE;Nord-Kivu;Entree;Nord-Kivu;Nord-Kivu;7439
2020-02-01;20:30:00;WE;Nord-Kivu;Entree;Nord-Kivu;Sud-Kivu;256
2020-02-01;20:30:00;WE;Nord-Kivu;Entree;Sud-Kivu;Hors_Zone;512
2020-02-01;20:30:00;WE;Nord-Kivu;Entree;Sud-Kivu;Nord-Kivu;743
2020-02-01;20:30:00;WE;Nord-Kivu;Entree;Sud-Kivu;Sud-Kivu;9257
2020-02-01;20:30:00;WE;Nord-Kivu;Sortie;Hors_Zone;Hors_Zone;1744
2020-02-01;20:30:00;WE;Nord-Kivu;Sortie;Hors_Zone;Nord-Kivu;256
2020-02-01;20:30:00;WE;Nord-Kivu;Sortie;Nord-Kivu;Hors_Zone;743
2020-02-01;20:30:00;WE;Nord-Kivu;Sortie;Nord-Kivu;Nord-Kivu;6951
2020-02-01;20:30:00;WE;Nord-Kivu;Sortie;Nord-Kivu;Sud-Kivu;3975
2020-02-01;20:30:00;WE;Nord-Kivu;Sortie;Sud-Kivu;Sud-Kivu;6769
2020-02-01;20:30:00;WE;Sud-Kivu;Entree;Hors_Zone;Hors_Zone;1744
2020-02-01;20:30:00;WE;Sud-Kivu;Entree;Hors_Zone;Nord-Kivu;743
2020-02-01;20:30:00;WE;Sud-Kivu;Entree;Nord-Kivu;Hors_Zone;1487
2020-02-01;20:30:00;WE;Sud-Kivu;Entree;Nord-Kivu;Nord-Kivu;13927
2020-02-01;20:30:00;WE;Sud-Kivu;Entree;Nord-Kivu;Sud-Kivu;3744
2020-02-01;20:30:00;WE;Sud-Kivu;Entree;Sud-Kivu;Sud-Kivu;3306
2020-02-01;20:30:00;WE;Sud-Kivu;Sortie;Hors_Zone;Hors_Zone;1512
2020-02-01;20:30:00;WE;Sud-Kivu;Sortie;Hors_Zone;Nord-Kivu;256
2020-02-01;20:30:00;WE;Sud-Kivu;Sortie;Nord-Kivu;Nord-Kivu;10414
2020-02-01;20:30:00;WE;Sud-Kivu;Sortie;Nord-Kivu;Sud-Kivu;1000
2020-02-01;20:30:00;WE;Sud-Kivu;Sortie;Sud-Kivu;Hors_Zone;1256
2020-02-01;20:30:00;WE;Sud-Kivu;Sortie;Sud-Kivu;Nord-Kivu;1744
2020-02-01;20:30:00;WE;Sud-Kivu;Sortie;Sud-Kivu;Sud-Kivu;4769
2020-02-01;21:00:00;WE;Haut-Katanga;Entree;Haut-Katanga;Haut-Katanga;4961
2020-02-01;21:00:00;WE;Haut-Katanga;Entree;Hors_Zone;Hors_Zone;354
2020-02-01;21:00:00;WE;Haut-Katanga;Entree;Hors_Zone;Lualaba;354
2020-02-01;21:00:00;WE;Haut-Katanga;Entree;Lualaba;Haut-Katanga;1063
2020-02-01;21:00:00;WE;Haut-Katanga;Entree;Lualaba;Hors_Zone;354
2020-02-01;21:00:00;WE;Haut-Katanga;Entree;Lualaba;Lualaba;1063
2020-02-01;21:00:00;WE;Haut-Katanga;Sortie;Haut-Katanga;Haut-Katanga;3897
2020-02-01;21:00:00;WE;Haut-Katanga;Sortie;Haut-Katanga;Lualaba;1417
2020-02-01;21:00:00;WE;Haut-Katanga;Sortie;Hors_Zone;Hors_Zone;354
2020-02-01;21:00:00;WE;Haut-Katanga;Sortie;Lualaba;Haut-Katanga;708
2020-02-01;21:00:00;WE;Haut-Lomami;Entree;Haut-Lomami;Haut-Lomami;354
2020-02-01;21:00:00;WE;Haut-Lomami;Entree;Hors_Zone;Kasai;4698
2020-02-01;21:00:00;WE;Haut-Lomami;Entree;Kasai;Kasai;14095
2020-02-01;21:00:00;WE;Haut-Lomami;Entree;Lomami;Haut-Lomami;354
2020-02-01;21:00:00;WE;Haut-Lomami;Entree;Lomami;Lomami;993
2020-02-01;21:00:00;WE;Haut-Lomami;Sortie;Haut-Lomami;Haut-Lomami;354
2020-02-01;21:00:00;WE;Haut-Lomami;Sortie;Kasai;Kasai;23492
2020-02-01;21:00:00;WE;Kasai;Entree;Haut-Lomami;Kasai;354
2020-02-01;21:00:00;WE;Kasai;Entree;Kasai;Kasai;4698
2020-02-01;21:00:00;WE;Kasai;Entree;Kinshasa;Kinshasa;496
2020-02-01;21:00:00;WE;Kasai;Sortie;Kasai;Kasai;4698
2020-02-01;21:00:00;WE;Kasai;Sortie;Kasai-Central;Kasai-Central;4698
2020-02-01;21:00:00;WE;Kasai-Central;Entree;Hors_Zone;Hors_Zone;496
2020-02-01;21:00:00;WE;Kasai-Central;Entree;Kasai-Central;Kasai-Central;14095
2020-02-01;21:00:00;WE;Kasai-Central;Entree;Kasai-Central;Kasai-Oriental;4698
2020-02-01;21:00:00;WE;Kasai-Central;Entree;Kasai-Oriental;Kasai-Central;4698
2020-02-01;21:00:00;WE;Kasai-Central;Entree;Kasai-Oriental;Kasai-Oriental;4698
2020-02-01;21:00:00;WE;Kasai-Central;Sortie;Kasai-Central;Kasai-Central;4698
2020-02-01;21:00:00;WE;Kasai-Oriental;Entree;Hors_Zone;Hors_Zone;2483
2020-02-01;21:00:00;WE;Kasai-Oriental;Entree;Hors_Zone;Kasai-Oriental;496
2020-02-01;21:00:00;WE;Kasai-Oriental;Entree;Hors_Zone;Lomami;496
2020-02-01;21:00:00;WE;Kasai-Oriental;Entree;Kasai-Central;Kasai-Central;18793
2020-02-01;21:00:00;WE;Kasai-Oriental;Entree;Kasai-Oriental;Hors_Zone;993
2020-02-01;21:00:00;WE;Kasai-Oriental;Entree;Kasai-Oriental;Kasai-Central;496
2020-02-01;21:00:00;WE;Kasai-Oriental;Entree;Kasai-Oriental;Kasai-Oriental;6685
2020-02-01;21:00:00;WE;Kasai-Oriental;Entree;Kasai-Oriental;Lomami;496
2020-02-01;21:00:00;WE;Kasai-Oriental;Entree;Lomami;Kasai-Oriental;1986
2020-02-01;21:00:00;WE;Kasai-Oriental;Entree;Lomami;Lomami;5463
2020-02-01;21:00:00;WE;Kasai-Oriental;Sortie;Hors_Zone;Hors_Zone;993
2020-02-01;21:00:00;WE;Kasai-Oriental;Sortie;Kasai-Central;Kasai-Central;4698
2020-02-01;21:00:00;WE;Kasai-Oriental;Sortie;Kasai-Oriental;Kasai-Central;4698
2020-02-01;21:00:00;WE;Kasai-Oriental;Sortie;Kasai-Oriental;Kasai-Oriental;14364
2020-02-01;21:00:00;WE;Kasai-Oriental;Sortie;Kasai-Oriental;Lomami;496
2020-02-01;21:00:00;WE;Kasai-Oriental;Sortie;Lomami;Kasai-Oriental;1986
2020-02-01;21:00:00;WE;Kasai-Oriental;Sortie;Lomami;Lomami;2980
2020-02-01;21:00:00;WE;Kinshasa;Entree;Hors_Zone;Hors_Zone;239
2020-02-01;21:00:00;WE;Kinshasa;Entree;Hors_Zone;Kinshasa;110
2020-02-01;21:00:00;WE;Kinshasa;Entree;Hors_Zone;Kongo-Central;239
2020-02-01;21:00:00;WE;Kinshasa;Entree;Kinshasa;Kinshasa;700
2020-02-01;21:00:00;WE;Kinshasa;Entree;Kongo-Central;Kinshasa;478
2020-02-01;21:00:00;WE;Kinshasa;Entree;Kongo-Central;Kongo-Central;1483
2020-02-01;21:00:00;WE;Kinshasa;Sortie;Hors_Zone;Hors_Zone;367
2020-02-01;21:00:00;WE;Kinshasa;Sortie;Kinshasa;Hors_Zone;110
2020-02-01;21:00:00;WE;Kinshasa;Sortie;Kinshasa;Kinshasa;478
2020-02-01;21:00:00;WE;Kinshasa;Sortie;Kinshasa;Kongo-Central;128
2020-02-01;21:00:00;WE;Kinshasa;Sortie;Kongo-Central;Hors_Zone;239
2020-02-01;21:00:00;WE;Kinshasa;Sortie;Kongo-Central;Kinshasa;239
2020-02-01;21:00:00;WE;Kinshasa;Sortie;Kongo-Central;Kongo-Central;752
2020-02-01;21:00:00;WE;Kongo-Central;Entree;Hors_Zone;Hors_Zone;478
2020-02-01;21:00:00;WE;Kongo-Central;Entree;Kinshasa;Kinshasa;1237
2020-02-01;21:00:00;WE;Kongo-Central;Entree;Kinshasa;Kongo-Central;110
2020-02-01;21:00:00;WE;Kongo-Central;Entree;Kongo-Central;Kinshasa;128
2020-02-01;21:00:00;WE;Kongo-Central;Entree;Kongo-Central;Kongo-Central;384
2020-02-01;21:00:00;WE;Kongo-Central;Sortie;Hors_Zone;Hors_Zone;239
2020-02-01;21:00:00;WE;Kongo-Central;Sortie;Hors_Zone;Kinshasa;221
2020-02-01;21:00:00;WE;Kongo-Central;Sortie;Hors_Zone;Kongo-Central;239
2020-02-01;21:00:00;WE;Kongo-Central;Sortie;Kinshasa;Kinshasa;1143
2020-02-01;21:00:00;WE;Kongo-Central;Sortie;Kongo-Central;Kinshasa;367
2020-02-01;21:00:00;WE;Kongo-Central;Sortie;Kongo-Central;Kongo-Central;1466
2020-02-01;21:00:00;WE;Kwilu;Sortie;Hors_Zone;Hors_Zone;9985
2020-02-01;21:00:00;WE;Lomami;Entree;Haut-Lomami;Haut-Lomami;708
2020-02-01;21:00:00;WE;Lomami;Entree;Hors_Zone;Hors_Zone;1986
2020-02-01;21:00:00;WE;Lomami;Entree;Hors_Zone;Kasai-Oriental;496
2020-02-01;21:00:00;WE;Lomami;Entree;Kasai-Oriental;Kasai-Oriental;6314
2020-02-01;21:00:00;WE;Lomami;Entree;Kasai-Oriental;Lomami;496
2020-02-01;21:00:00;WE;Lomami;Entree;Lomami;Kasai-Oriental;1986
2020-02-01;21:00:00;WE;Lomami;Entree;Lomami;Lomami;2980
2020-02-01;21:00:00;WE;Lomami;Sortie;Haut-Lomami;Haut-Lomami;354
2020-02-01;21:00:00;WE;Lomami;Sortie;Hors_Zone;Hors_Zone;2483
2020-02-01;21:00:00;WE;Lomami;Sortie;Hors_Zone;Kasai-Oriental;496
2020-02-01;21:00:00;WE;Lomami;Sortie;Hors_Zone;Lomami;496
2020-02-01;21:00:00;WE;Lomami;Sortie;Kasai-Oriental;Kasai-Oriental;3973
2020-02-01;21:00:00;WE;Lomami;Sortie;Kasai-Oriental;Lomami;496
2020-02-01;21:00:00;WE;Lomami;Sortie;Lomami;Hors_Zone;496
2020-02-01;21:00:00;WE;Lomami;Sortie;Lomami;Kasai-Oriental;496
2020-02-01;21:00:00;WE;Lomami;Sortie;Lomami;Lomami;2980
2020-02-01;21:00:00;WE;Lualaba;Entree;Haut-Katanga;Haut-Katanga;13820
2020-02-01;21:00:00;WE;Lualaba;Entree;Haut-Katanga;Lualaba;354
2020-02-01;21:00:00;WE;Lualaba;Entree;Hors_Zone;Hors_Zone;1417
2020-02-01;21:00:00;WE;Lualaba;Entree;Lualaba;Lualaba;708
2020-02-01;21:00:00;WE;Lualaba;Sortie;Haut-Katanga;Haut-Katanga;7087
2020-02-01;21:00:00;WE;Lualaba;Sortie;Haut-Katanga;Lualaba;354
2020-02-01;21:00:00;WE;Lualaba;Sortie;Hors_Zone;Haut-Katanga;708
2020-02-01;21:00:00;WE;Lualaba;Sortie;Hors_Zone;Hors_Zone;708
2020-02-01;21:00:00;WE;Lualaba;Sortie;Hors_Zone;Lualaba;354
2020-02-01;21:00:00;WE;Nord-Kivu;Entree;Hors_Zone;Hors_Zone;2019
2020-02-01;21:00:00;WE;Nord-Kivu;Entree;Hors_Zone;Sud-Kivu;1011
2020-02-01;21:00:00;WE;Nord-Kivu;Entree;Nord-Kivu;Nord-Kivu;5391
2020-02-01;21:00:00;WE;Nord-Kivu;Entree;Nord-Kivu;Sud-Kivu;2358
2020-02-01;21:00:00;WE;Nord-Kivu;Entree;Sud-Kivu;Nord-Kivu;3031
2020-02-01;21:00:00;WE;Nord-Kivu;Entree;Sud-Kivu;Sud-Kivu;4714
2020-02-01;21:00:00;WE;Nord-Kivu;Sortie;Hors_Zone;Hors_Zone;1011
2020-02-01;21:00:00;WE;Nord-Kivu;Sortie;Hors_Zone;Sud-Kivu;1347
2020-02-01;21:00:00;WE;Nord-Kivu;Sortie;Nord-Kivu;Nord-Kivu;2022
2020-02-01;21:00:00;WE;Nord-Kivu;Sortie;Nord-Kivu;Sud-Kivu;2022
2020-02-01;21:00:00;WE;Nord-Kivu;Sortie;Sud-Kivu;Nord-Kivu;2358
2020-02-01;21:00:00;WE;Nord-Kivu;Sortie;Sud-Kivu;Sud-Kivu;3031
2020-02-01;21:00:00;WE;Sud-Kivu;Entree;Nord-Kivu;Nord-Kivu;9099
2020-02-01;21:00:00;WE;Sud-Kivu;Entree;Nord-Kivu;Sud-Kivu;3033
2020-02-01;21:00:00;WE;Sud-Kivu;Entree;Sud-Kivu;Nord-Kivu;1011
2020-02-01;21:00:00;WE;Sud-Kivu;Entree;Sud-Kivu;Sud-Kivu;4044
2020-02-01;21:00:00;WE;Sud-Kivu;Sortie;Hors_Zone;Hors_Zone;336
2020-02-01;21:00:00;WE;Sud-Kivu;Sortie;Hors_Zone;Nord-Kivu;1011
2020-02-01;21:00:00;WE;Sud-Kivu;Sortie;Hors_Zone;Sud-Kivu;1011
2020-02-01;21:00:00;WE;Sud-Kivu;Sortie;Nord-Kivu;Nord-Kivu;5727
2020-02-01;21:00:00;WE;Sud-Kivu;Sortie;Nord-Kivu;Sud-Kivu;3369
2020-02-01;21:00:00;WE;Sud-Kivu;Sortie;Sud-Kivu;Nord-Kivu;2358
2020-02-01;21:00:00;WE;Sud-Kivu;Sortie;Sud-Kivu;Sud-Kivu;1683
2020-02-01;21:30:00;WE;Haut-Katanga;Entree;Haut-Katanga;Haut-Katanga;5426
2020-02-01;21:30:00;WE;Haut-Katanga;Entree;Haut-Katanga;Lualaba;1162
2020-02-01;21:30:00;WE;Haut-Katanga;Entree;Hors_Zone;Hors_Zone;387
2020-02-01;21:30:00;WE;Haut-Katanga;Entree;Lualaba;Haut-Katanga;387
2020-02-01;21:30:00;WE;Haut-Katanga;Entree;Lualaba;Lualaba;1162
2020-02-01;21:30:00;WE;Haut-Katanga;Sortie;Haut-Katanga;Haut-Katanga;1937
2020-02-01;21:30:00;WE;Haut-Katanga;Sortie;Hors_Zone;Hors_Zone;387
2020-02-01;21:30:00;WE;Haut-Katanga;Sortie;Lualaba;Haut-Katanga;387
2020-02-01;21:30:00;WE;Haut-Katanga;Sortie;Lualaba;Lualaba;387
2020-02-01;21:30:00;WE;Haut-Lomami;Entree;Hors_Zone;Kasai;5438
2020-02-01;21:30:00;WE;Haut-Lomami;Entree;Kasai;Kasai;22142
2020-02-01;21:30:00;WE;Haut-Lomami;Entree;Lomami;Lomami;655
2020-02-01;21:30:00;WE;Haut-Lomami;Sortie;Haut-Lomami;Haut-Lomami;387
2020-02-01;21:30:00;WE;Haut-Lomami;Sortie;Kasai;Kasai;5438
2020-02-01;21:30:00;WE;Haut-Lomami;Sortie;Lomami;Hors_Zone;655
2020-02-01;21:30:00;WE;Kasai;Sortie;Kasai;Kasai;5438
2020-02-01;21:30:00;WE;Kasai-Central;Entree;Hors_Zone;Hors_Zone;655
2020-02-01;21:30:00;WE;Kasai-Central;Entree;Hors_Zone;Kasai-Oriental;655
2020-02-01;21:30:00;WE;Kasai-Central;Entree;Kasai-Central;Lomami;5438
2020-02-01;21:30:00;WE;Kasai-Central;Entree;Kasai-Oriental;Kasai-Oriental;7404
2020-02-01;21:30:00;WE;Kasai-Central;Sortie;Hors_Zone;Hors_Zone;655
2020-02-01;21:30:00;WE;Kasai-Central;Sortie;Kasai-Central;Kasai-Central;655
2020-02-01;21:30:00;WE;Kasai-Oriental;Entree;Hors_Zone;Hors_Zone;6749
2020-02-01;21:30:00;WE;Kasai-Oriental;Entree;Hors_Zone;Lomami;655
2020-02-01;21:30:00;WE;Kasai-Oriental;Entree;Kasai-Central;Kasai-Central;655
2020-02-01;21:30:00;WE;Kasai-Oriental;Entree;Kasai-Oriental;Kasai-Oriental;3931
2020-02-01;21:30:00;WE;Kasai-Oriental;Entree;Kasai-Oriental;Lomami;655
2020-02-01;21:30:00;WE;Kasai-Oriental;Entree;Lomami;Kasai-Oriental;1310
2020-02-01;21:30:00;WE;Kasai-Oriental;Entree;Lomami;Lomami;6553
2020-02-01;21:30:00;WE;Kasai-Oriental;Sortie;Haut-Lomami;Haut-Lomami;655
2020-02-01;21:30:00;WE;Kasai-Oriental;Sortie;Hors_Zone;Hors_Zone;1965
2020-02-01;21:30:00;WE;Kasai-Oriental;Sortie;Kasai-Central;Kasai-Central;5438
2020-02-01;21:30:00;WE;Kasai-Oriental;Sortie;Kasai-Oriental;Kasai-Central;655
2020-02-01;21:30:00;WE;Kasai-Oriental;Sortie;Kasai-Oriental;Kasai-Oriental;7404
2020-02-01;21:30:00;WE;Kasai-Oriental;Sortie;Kasai-Oriental;Lomami;1965
2020-02-01;21:30:00;WE;Kasai-Oriental;Sortie;Lomami;Hors_Zone;655
2020-02-01;21:30:00;WE;Kasai-Oriental;Sortie;Lomami;Lomami;1965
2020-02-01;21:30:00;WE;Kinshasa;Entree;Hors_Zone;Hors_Zone;554
2020-02-01;21:30:00;WE;Kinshasa;Entree;Hors_Zone;Kinshasa;147
2020-02-01;21:30:00;WE;Kinshasa;Entree;Kinshasa;Kinshasa;926
2020-02-01;21:30:00;WE;Kinshasa;Entree;Kongo-Central;Hors_Zone;147
2020-02-01;21:30:00;WE;Kinshasa;Entree;Kongo-Central;Kinshasa;129
2020-02-01;21:30:00;WE;Kinshasa;Entree;Kongo-Central;Kongo-Central;883
2020-02-01;21:30:00;WE;Kinshasa;Sortie;Hors_Zone;Hors_Zone;536
2020-02-01;21:30:00;WE;Kinshasa;Sortie;Kinshasa;Kinshasa;813
2020-02-01;21:30:00;WE;Kinshasa;Sortie;Kongo-Central;Kongo-Central;571
2020-02-01;21:30:00;WE;Kongo-Central;Entree;Hors_Zone;Hors_Zone;129
2020-02-01;21:30:00;WE;Kongo-Central;Entree;Kinshasa;Kinshasa;1073
2020-02-01;21:30:00;WE;Kongo-Central;Entree;Kongo-Central;Kongo-Central;277
2020-02-01;21:30:00;WE;Kongo-Central;Sortie;Hors_Zone;Hors_Zone;554
2020-02-01;21:30:00;WE;Kongo-Central;Sortie;Hors_Zone;Kinshasa;277
2020-02-01;21:30:00;WE;Kongo-Central;Sortie;Kinshasa;Kinshasa;1497
2020-02-01;21:30:00;WE;Kongo-Central;Sortie;Kongo-Central;Kinshasa;129
2020-02-01;21:30:00;WE;Kongo-Central;Sortie;Kongo-Central;Kongo-Central;589
2020-02-01;21:30:00;WE;Kwilu;Entree;Hors_Zone;Hors_Zone;10830
2020-02-01;21:30:00;WE;Kwilu;Sortie;Kasai;Hors_Zone;10830
2020-02-01;21:30:00;WE;Lomami;Entree;Haut-Lomami;Haut-Lomami;655
2020-02-01;21:30:00;WE;Lomami;Entree;Hors_Zone;Hors_Zone;655
2020-02-01;21:30:00;WE;Lomami;Entree;Kasai-Oriental;Kasai-Oriental;4587
2020-02-01;21:30:00;WE;Lomami;Entree;Kasai-Oriental;Lomami;1965
2020-02-01;21:30:00;WE;Lomami;Entree;Lomami;Lomami;2621
2020-02-01;21:30:00;WE;Lomami;Sortie;Kasai-Central;Lomami;5438
2020-02-01;21:30:00;WE;Lomami;Sortie;Kasai-Oriental;Kasai-Oriental;1965
2020-02-01;21:30:00;WE;Lomami;Sortie;Kasai-Oriental;Lomami;655
2020-02-01;21:30:00;WE;Lomami;Sortie;Lomami;Kasai-Oriental;2621
2020-02-01;21:30:00;WE;Lomami;Sortie;Lomami;Lomami;4587
2020-02-01;21:30:00;WE;Lualaba;Entree;Haut-Katanga;Haut-Katanga;6589
2020-02-01;21:30:00;WE;Lualaba;Entree;Haut-Katanga;Lualaba;387
2020-02-01;21:30:00;WE;Lualaba;Entree;Hors_Zone;Haut-Katanga;387
2020-02-01;21:30:00;WE;Lualaba;Entree;Hors_Zone;Hors_Zone;775
2020-02-01;21:30:00;WE;Lualaba;Entree;Lualaba;Haut-Katanga;387
2020-02-01;21:30:00;WE;Lualaba;Entree;Lualaba;Lualaba;387
2020-02-01;21:30:00;WE;Lualaba;Sortie;Haut-Katanga;Haut-Katanga;6976
2020-02-01;21:30:00;WE;Lualaba;Sortie;Haut-Katanga;Lualaba;1162
2020-02-01;21:30:00;WE;Lualaba;Sortie;Hors_Zone;Hors_Zone;775
2020-02-01;21:30:00;WE;Lualaba;Sortie;Lualaba;Lualaba;1162
2020-02-01;21:30:00;WE;Nord-Kivu;Entree;Hors_Zone;Hors_Zone;3006
2020-02-01;21:30:00;WE;Nord-Kivu;Entree;Hors_Zone;Nord-Kivu;1503
2020-02-01;21:30:00;WE;Nord-Kivu;Entree;Hors_Zone;Sud-Kivu;496
2020-02-01;21:30:00;WE;Nord-Kivu;Entree;Nord-Kivu;Nord-Kivu;6509
2020-02-01;21:30:00;WE;Nord-Kivu;Entree;Sud-Kivu;Sud-Kivu;2993
2020-02-01;21:30:00;WE;Nord-Kivu;Sortie;Nord-Kivu;Nord-Kivu;1503
2020-02-01;21:30:00;WE;Nord-Kivu;Sortie;Nord-Kivu;Sud-Kivu;1503
2020-02-01;21:30:00;WE;Nord-Kivu;Sortie;Sud-Kivu;Nord-Kivu;3006
2020-02-01;21:30:00;WE;Sud-Kivu;Entree;Hors_Zone;Nord-Kivu;1503
2020-02-01;21:30:00;WE;Sud-Kivu;Entree;Nord-Kivu;Nord-Kivu;4509
2020-02-01;21:30:00;WE;Sud-Kivu;Entree;Nord-Kivu;Sud-Kivu;2000
2020-02-01;21:30:00;WE;Sud-Kivu;Entree;Sud-Kivu;Nord-Kivu;3503
2020-02-01;21:30:00;WE;Sud-Kivu;Entree;Sud-Kivu;Sud-Kivu;2000
2020-02-01;21:30:00;WE;Sud-Kivu;Sortie;Hors_Zone;Hors_Zone;3006
2020-02-01;21:30:00;WE;Sud-Kivu;Sortie;Nord-Kivu;Nord-Kivu;7516
2020-02-01;21:30:00;WE;Sud-Kivu;Sortie;Sud-Kivu;Sud-Kivu;496
2020-02-01;22:00:00;WE;Haut-Katanga;Entree;Haut-Katanga;Haut-Katanga;2466
2020-02-01;22:00:00;WE;Haut-Katanga;Entree;Haut-Katanga;Hors_Zone;411
2020-02-01;22:00:00;WE;Haut-Katanga;Entree;Lualaba;Haut-Katanga;822
2020-02-01;22:00:00;WE;Haut-Katanga;Sortie;Haut-Katanga;Haut-Katanga;3699
2020-02-01;22:00:00;WE;Haut-Katanga;Sortie;Lualaba;Hors_Zone;411
2020-02-01;22:00:00;WE;Haut-Katanga;Sortie;Lualaba;Lualaba;1233
2020-02-01;22:00:00;WE;Haut-Lomami;Entree;Haut-Lomami;Haut-Lomami;411
2020-02-01;22:00:00;WE;Haut-Lomami;Entree;Hors_Zone;Hors_Zone;6227
2020-02-01;22:00:00;WE;Haut-Lomami;Entree;Kasai;Kasai;12455
2020-02-01;22:00:00;WE;Haut-Lomami;Sortie;Hors_Zone;Kasai;6227
2020-02-01;22:00:00;WE;Haut-Lomami;Sortie;Kasai;Kasai;18682
2020-02-01;22:00:00;WE;Kasai;Entree;Kasai;Kasai;6227
2020-02-01;22:00:00;WE;Kasai;Sortie;Hors_Zone;Hors_Zone;6227
2020-02-01;22:00:00;WE;Kasai-Central;Entree;Kasai-Oriental;Kasai-Central;833
2020-02-01;22:00:00;WE;Kasai-Central;Entree;Kasai-Oriental;Kasai-Oriental;6227
2020-02-01;22:00:00;WE;Kasai-Central;Sortie;Kasai-Oriental;Kasai-Oriental;1667
2020-02-01;22:00:00;WE;Kasai-Oriental;Entree;Hors_Zone;Hors_Zone;833
2020-02-01;22:00:00;WE;Kasai-Oriental;Entree;Kasai-Oriental;Kasai-Oriental;1667
2020-02-01;22:00:00;WE;Kasai-Oriental;Entree;Lomami;Kasai-Oriental;833
2020-02-01;22:00:00;WE;Kasai-Oriental;Entree;Lomami;Lomami;833
2020-02-01;22:00:00;WE;Kasai-Oriental;Sortie;Hors_Zone;Hors_Zone;833
2020-02-01;22:00:00;WE;Kasai-Oriental;Sortie;Hors_Zone;Kasai-Oriental;833
2020-02-01;22:00:00;WE;Kasai-Oriental;Sortie;Hors_Zone;Lomami;833
2020-02-01;22:00:00;WE;Kasai-Oriental;Sortie;Kasai-Oriental;Kasai-Oriental;11231
2020-02-01;22:00:00;WE;Kasai-Oriental;Sortie;Lomami;Kasai-Oriental;1667
2020-02-01;22:00:00;WE;Kasai-Oriental;Sortie;Lomami;Lomami;6671
2020-02-01;22:00:00;WE;Kinshasa;Entree;Hors_Zone;Hors_Zone;173
2020-02-01;22:00:00;WE;Kinshasa;Entree;Hors_Zone;Kinshasa;150
2020-02-01;22:00:00;WE;Kinshasa;Entree;Kinshasa;Kinshasa;1120
2020-02-01;22:00:00;WE;Kinshasa;Entree;Kongo-Central;Kinshasa;450
2020-02-01;22:00:00;WE;Kinshasa;Entree;Kongo-Central;Kongo-Central;1211
2020-02-01;22:00:00;WE;Kinshasa;Sortie;Hors_Zone;Hors_Zone;323
2020-02-01;22:00:00;WE;Kinshasa;Sortie;Kinshasa;Hors_Zone;150
2020-02-01;22:00:00;WE;Kinshasa;Sortie;Kinshasa;Kinshasa;623
2020-02-01;22:00:00;WE;Kinshasa;Sortie;Kongo-Central;Kongo-Central;496
2020-02-01;22:00:00;WE;Kongo-Central;Entree;Hors_Zone;Hors_Zone;300
2020-02-01;22:00:00;WE;Kongo-Central;Entree;Kinshasa;Hors_Zone;300
2020-02-01;22:00:00;WE;Kongo-Central;Entree;Kinshasa;Kinshasa;901
2020-02-01;22:00:00;WE;Kongo-Central;Entree;Kongo-Central;Kongo-Central;323
2020-02-01;22:00:00;WE;Kongo-Central;Sortie;Hors_Zone;Hors_Zone;623
2020-02-01;22:00:00;WE;Kongo-Central;Sortie;Hors_Zone;Kinshasa;150
2020-02-01;22:00:00;WE;Kongo-Central;Sortie;Kinshasa;Hors_Zone;150
2020-02-01;22:00:00;WE;Kongo-Central;Sortie;Kinshasa;Kinshasa;1074
2020-02-01;22:00:00;WE;Kongo-Central;Sortie;Kinshasa;Kongo-Central;150
2020-02-01;22:00:00;WE;Kongo-Central;Sortie;Kongo-Central;Kinshasa;300
2020-02-01;22:00:00;WE;Kongo-Central;Sortie;Kongo-Central;Kongo-Central;173
2020-02-01;22:00:00;WE;Kwilu;Entree;Hors_Zone;Kwilu;6227
2020-02-01;22:00:00;WE;Kwilu;Entree;Kasai;Hors_Zone;12770
2020-02-01;22:00:00;WE;Lomami;Entree;Hors_Zone;Hors_Zone;833
2020-02-01;22:00:00;WE;Lomami;Entree;Hors_Zone;Kasai-Oriental;833
2020-02-01;22:00:00;WE;Lomami;Entree;Hors_Zone;Lomami;833
2020-02-01;22:00:00;WE;Lomami;Entree;Kasai-Oriental;Kasai-Oriental;5003
2020-02-01;22:00:00;WE;Lomami;Entree;Lomami;Kasai-Oriental;833
2020-02-01;22:00:00;WE;Lomami;Entree;Lomami;Lomami;5003
2020-02-01;22:00:00;WE;Lomami;Sortie;Haut-Lomami;Haut-Lomami;833
2020-02-01;22:00:00;WE;Lomami;Sortie;Hors_Zone;Hors_Zone;833
2020-02-01;22:00:00;WE;Lomami;Sortie;Kasai-Oriental;Kasai-Oriental;2501
2020-02-01;22:00:00;WE;Lomami;Sortie;Kasai-Oriental;Lomami;833
2020-02-01;22:00:00;WE;Lomami;Sortie;Lomami;Kasai-Oriental;833
2020-02-01;22:00:00;WE;Lomami;Sortie;Lomami;Lomami;833
2020-02-01;22:00:00;WE;Lualaba;Entree;Haut-Katanga;Haut-Katanga;3699
2020-02-01;22:00:00;WE;Lualaba;Entree;Haut-Katanga;Lualaba;411
2020-02-01;22:00:00;WE;Lualaba;Entree;Hors_Zone;Hors_Zone;822
2020-02-01;22:00:00;WE;Lualaba;Entree;Lualaba;Lualaba;822
2020-02-01;22:00:00;WE;Lualaba;Sortie;Haut-Katanga;Haut-Katanga;6577
2020-02-01;22:00:00;WE;Lualaba;Sortie;Lualaba;Haut-Katanga;411
2020-02-01;22:00:00;WE;Nord-Kivu;Entree;Hors_Zone;Hors_Zone;2878
2020-02-01;22:00:00;WE;Nord-Kivu;Entree;Nord-Kivu;Sud-Kivu;2100
2020-02-01;22:00:00;WE;Nord-Kivu;Entree;Sud-Kivu;Hors_Zone;778
2020-02-01;22:00:00;WE;Nord-Kivu;Entree;Sud-Kivu;Nord-Kivu;2100
2020-02-01;22:00:00;WE;Nord-Kivu;Sortie;Sud-Kivu;Sud-Kivu;4978
2020-02-01;22:00:00;WE;Sud-Kivu;Entree;Nord-Kivu;Nord-Kivu;2100
2020-02-01;22:00:00;WE;Sud-Kivu;Entree;Sud-Kivu;Sud-Kivu;2878
2020-02-01;22:00:00;WE;Sud-Kivu;Sortie;Hors_Zone;Hors_Zone;4200
2020-02-01;22:00:00;WE;Sud-Kivu;Sortie;Nord-Kivu;Nord-Kivu;2100
2020-02-01;22:00:00;WE;Sud-Kivu;Sortie;Sud-Kivu;Hors_Zone;778
2020-02-01;22:00:00;WE;Sud-Kivu;Sortie;Sud-Kivu;Nord-Kivu;2100
2020-02-01;22:30:00;WE;Haut-Katanga;Entree;Haut-Katanga;Haut-Katanga;3678
2020-02-01;22:30:00;WE;Haut-Katanga;Entree;Lualaba;Hors_Zone;408
2020-02-01;22:30:00;WE;Haut-Katanga;Entree;Lualaba;Lualaba;817
2020-02-01;22:30:00;WE;Haut-Katanga;Sortie;Haut-Katanga;Haut-Katanga;1226
2020-02-01;22:30:00;WE;Haut-Katanga;Sortie;Haut-Katanga;Hors_Zone;408
2020-02-01;22:30:00;WE;Haut-Katanga;Sortie;Lualaba;Lualaba;408
2020-02-01;22:30:00;WE;Haut-Lomami;Entree;Kasai;Kasai;7370
2020-02-01;22:30:00;WE;Haut-Lomami;Sortie;Lomami;Lomami;1361
2020-02-01;22:30:00;WE;Kasai-Central;Sortie;Kasai-Oriental;Kasai-Oriental;7370
2020-02-01;22:30:00;WE;Kasai-Oriental;Entree;Hors_Zone;Kasai-Oriental;1905
2020-02-01;22:30:00;WE;Kasai-Oriental;Entree;Kasai-Oriental;Kasai-Oriental;10228
2020-02-01;22:30:00;WE;Kasai-Oriental;Entree;Kasai-Oriental;Lomami;952
2020-02-01;22:30:00;WE;Kasai-Oriental;Entree;Lomami;Hors_Zone;952
2020-02-01;22:30:00;WE;Kasai-Oriental;Entree;Lomami;Kasai-Oriental;1905
2020-02-01;22:30:00;WE;Kasai-Oriental;Entree;Lomami;Lomami;3810
2020-02-01;22:30:00;WE;Kasai-Oriental;Sortie;Kasai-Oriental;Hors_Zone;952
2020-02-01;22:30:00;WE;Kasai-Oriental;Sortie;Kasai-Oriental;Kasai-Oriental;952
2020-02-01;22:30:00;WE;Kasai-Oriental;Sortie;Lomami;Lomami;1905
2020-02-01;22:30:00;WE;Kinshasa;Entree;Hors_Zone;Hors_Zone;887
2020-02-01;22:30:00;WE;Kinshasa;Entree;Kinshasa;Kinshasa;1485
2020-02-01;22:30:00;WE;Kinshasa;Entree;Kongo-Central;Kinshasa;172
2020-02-01;22:30:00;WE;Kinshasa;Entree;Kongo-Central;Kongo-Central;996
2020-02-01;22:30:00;WE;Kinshasa;Sortie;Hors_Zone;Hors_Zone;199
2020-02-01;22:30:00;WE;Kinshasa;Sortie;Kinshasa;Kinshasa;715
2020-02-01;22:30:00;WE;Kinshasa;Sortie;Kongo-Central;Kongo-Central;199
2020-02-01;22:30:00;WE;Kongo-Central;Entree;Kinshasa;Kinshasa;1204
2020-02-01;22:30:00;WE;Kongo-Central;Entree;Kongo-Central;Hors_Zone;199
2020-02-01;22:30:00;WE;Kongo-Central;Entree;Kongo-Central;Kongo-Central;398
2020-02-01;22:30:00;WE;Kongo-Central;Sortie;Hors_Zone;Hors_Zone;172
2020-02-01;22:30:00;WE;Kongo-Central;Sortie;Kinshasa;Kinshasa;1458
2020-02-01;22:30:00;WE;Kongo-Central;Sortie;Kongo-Central;Kinshasa;172
2020-02-01;22:30:00;WE;Kongo-Central;Sortie;Kongo-Central;Kongo-Central;1196
2020-02-01;22:30:00;WE;Kwilu;Entree;Kasai;Kasai;7370
2020-02-01;22:30:00;WE;Kwilu;Sortie;Kwilu;Kwilu;15609
2020-02-01;22:30:00;WE;Lomami;Entree;Kasai-Oriental;Hors_Zone;952
2020-02-01;22:30:00;WE;Lomami;Entree;Kasai-Oriental;Kasai-Oriental;952
2020-02-01;22:30:00;WE;Lomami;Entree;Kasai-Oriental;Lomami;952
2020-02-01;22:30:00;WE;Lomami;Entree;Lomami;Lomami;2314
2020-02-01;22:30:00;WE;Lomami;Sortie;Hors_Zone;Hors_Zone;952
2020-02-01;22:30:00;WE;Lomami;Sortie;Hors_Zone;Kasai-Oriental;1905
2020-02-01;22:30:00;WE;Lomami;Sortie;Kasai-Oriental;Kasai-Oriental;2858
2020-02-01;22:30:00;WE;Lomami;Sortie;Kasai-Oriental;Lomami;952
2020-02-01;22:30:00;WE;Lomami;Sortie;Lomami;Hors_Zone;952
2020-02-01;22:30:00;WE;Lomami;Sortie;Lomami;Lomami;1905
2020-02-01;22:30:00;WE;Lualaba;Entree;Haut-Katanga;Haut-Katanga;5313
2020-02-01;22:30:00;WE;Lualaba;Entree;Haut-Katanga;Lualaba;408
2020-02-01;22:30:00;WE;Lualaba;Entree;Lualaba;Lualaba;408
2020-02-01;22:30:00;WE;Lualaba;Sortie;Haut-Katanga;Haut-Katanga;4496
2020-02-01;22:30:00;WE;Lualaba;Sortie;Hors_Zone;Hors_Zone;408
2020-02-01;22:30:00;WE;Lualaba;Sortie;Lualaba;Haut-Katanga;408
2020-02-01;22:30:00;WE;Lualaba;Sortie;Lualaba;Lualaba;408
2020-02-01;22:30:00;WE;Nord-Kivu;Entree;Sud-Kivu;Sud-Kivu;3664
2020-02-01;22:30:00;WE;Nord-Kivu;Sortie;Nord-Kivu;Nord-Kivu;2561
2020-02-01;22:30:00;WE;Nord-Kivu;Sortie;Nord-Kivu;Sud-Kivu;2561
2020-02-01;22:30:00;WE;Nord-Kivu;Sortie;Sud-Kivu;Sud-Kivu;2561
2020-02-01;22:30:00;WE;Sud-Kivu;Entree;Nord-Kivu;Nord-Kivu;7969
2020-02-01;22:30:00;WE;Sud-Kivu;Entree;Nord-Kivu;Sud-Kivu;2561
2020-02-01;22:30:00;WE;Sud-Kivu;Entree;Sud-Kivu;Sud-Kivu;5122
2020-02-01;22:30:00;WE;Sud-Kivu;Sortie;Nord-Kivu;Nord-Kivu;5122
2020-02-01;22:30:00;WE;Sud-Kivu;Sortie;Sud-Kivu;Sud-Kivu;1103
2020-02-01;23:00:00;WE;Haut-Katanga;Entree;Haut-Katanga;Haut-Katanga;1548
2020-02-01;23:00:00;WE;Haut-Katanga;Entree;Lualaba;Haut-Katanga;387
2020-02-01;23:00:00;WE;Haut-Katanga;Entree;Lualaba;Lualaba;387
2020-02-01;23:00:00;WE;Haut-Katanga;Sortie;Haut-Katanga;Haut-Katanga;1935
2020-02-01;23:00:00;WE;Haut-Katanga;Sortie;Lualaba;Haut-Katanga;1161
2020-02-01;23:00:00;WE;Haut-Katanga;Sortie;Lualaba;Hors_Zone;387
2020-02-01;23:00:00;WE;Haut-Katanga;Sortie;Lualaba;Lualaba;387
2020-02-01;23:00:00;WE;Kasai-Central;Sortie;Hors_Zone;Hors_Zone;929
2020-02-01;23:00:00;WE;Kasai-Oriental;Entree;Hors_Zone;Hors_Zone;929
2020-02-01;23:00:00;WE;Kasai-Oriental;Entree;Kasai-Central;Kasai-Central;7880
2020-02-01;23:00:00;WE;Kasai-Oriental;Entree;Kasai-Oriental;Kasai-Oriental;929
2020-02-01;23:00:00;WE;Kasai-Oriental;Sortie;Kasai-Oriental;Kasai-Oriental;3717
2020-02-01;23:00:00;WE;Kasai-Oriental;Sortie;Kasai-Oriental;Lomami;929
2020-02-01;23:00:00;WE;Kasai-Oriental;Sortie;Lomami;Kasai-Oriental;929
2020-02-01;23:00:00;WE;Kinshasa;Entree;Hors_Zone;Kinshasa;193
2020-02-01;23:00:00;WE;Kinshasa;Entree;Kinshasa;Kinshasa;193
2020-02-01;23:00:00;WE;Kinshasa;Entree;Kongo-Central;Kongo-Central;1046
2020-02-01;23:00:00;WE;Kinshasa;Sortie;Hors_Zone;Hors_Zone;243
2020-02-01;23:00:00;WE;Kinshasa;Sortie;Kinshasa;Kinshasa;193
2020-02-01;23:00:00;WE;Kinshasa;Sortie;Kongo-Central;Kinshasa;193
2020-02-01;23:00:00;WE;Kinshasa;Sortie;Kongo-Central;Kongo-Central;730
2020-02-01;23:00:00;WE;Kongo-Central;Entree;Hors_Zone;Hors_Zone;243
2020-02-01;23:00:00;WE;Kongo-Central;Entree;Kinshasa;Kinshasa;629
2020-02-01;23:00:00;WE;Kongo-Central;Entree;Kongo-Central;Kinshasa;193
2020-02-01;23:00:00;WE;Kongo-Central;Entree;Kongo-Central;Kongo-Central;487
2020-02-01;23:00:00;WE;Kongo-Central;Sortie;Hors_Zone;Kinshasa;193
2020-02-01;23:00:00;WE;Kongo-Central;Sortie;Kinshasa;Kinshasa;823
2020-02-01;23:00:00;WE;Kongo-Central;Sortie;Kongo-Central;Kongo-Central;1046
2020-02-01;23:00:00;WE;Lomami;Entree;Kasai-Oriental;Kasai-Oriental;3717
2020-02-01;23:00:00;WE;Lomami;Entree;Kasai-Oriental;Lomami;929
2020-02-01;23:00:00;WE;Lomami;Entree;Lomami;Kasai-Oriental;929
2020-02-01;23:00:00;WE;Lomami;Sortie;Kasai-Oriental;Hors_Zone;929
2020-02-01;23:00:00;WE;Lomami;Sortie;Kasai-Oriental;Kasai-Oriental;929
2020-02-01;23:00:00;WE;Lomami;Sortie;Lomami;Lomami;1858
2020-02-01;23:00:00;WE;Lualaba;Entree;Haut-Katanga;Haut-Katanga;5032
2020-02-01;23:00:00;WE;Lualaba;Entree;Haut-Katanga;Lualaba;387
2020-02-01;23:00:00;WE;Lualaba;Entree;Hors_Zone;Hors_Zone;387
2020-02-01;23:00:00;WE;Lualaba;Entree;Lualaba;Haut-Katanga;387
2020-02-01;23:00:00;WE;Lualaba;Sortie;Haut-Katanga;Haut-Katanga;3096
2020-02-01;23:00:00;WE;Lualaba;Sortie;Lualaba;Lualaba;1161
2020-02-01;23:00:00;WE;Nord-Kivu;Entree;Nord-Kivu;Nord-Kivu;5257
2020-02-01;23:00:00;WE;Nord-Kivu;Sortie;Nord-Kivu;Nord-Kivu;2628
2020-02-01;23:00:00;WE;Nord-Kivu;Sortie;Sud-Kivu;Nord-Kivu;1385
2020-02-01;23:00:00;WE;Sud-Kivu;Entree;Nord-Kivu;Nord-Kivu;2628
2020-02-01;23:00:00;WE;Sud-Kivu;Entree;Sud-Kivu;Nord-Kivu;1385
2020-02-01;23:00:00;WE;Sud-Kivu;Sortie;Nord-Kivu;Sud-Kivu;2628
2020-02-01;23:30:00;WE;Haut-Katanga;Entree;Haut-Katanga;Haut-Katanga;696
2020-02-01;23:30:00;WE;Haut-Katanga;Entree;Lualaba;Haut-Katanga;696
2020-02-01;23:30:00;WE;Haut-Katanga;Entree;Lualaba;Lualaba;1045
2020-02-01;23:30:00;WE;Haut-Katanga;Sortie;Haut-Katanga;Haut-Katanga;1741
2020-02-01;23:30:00;WE;Haut-Katanga;Sortie;Haut-Katanga;Lualaba;348
2020-02-01;23:30:00;WE;Haut-Katanga;Sortie;Lualaba;Lualaba;696
2020-02-01;23:30:00;WE;Kasai;Entree;Kwilu;Kwilu;24237
2020-02-01;23:30:00;WE;Kasai-Central;Entree;Kasai-Oriental;Kasai-Oriental;865
2020-02-01;23:30:00;WE;Kasai-Oriental;Entree;Hors_Zone;Hors_Zone;2596
2020-02-01;23:30:00;WE;Kasai-Oriental;Entree;Kasai-Oriental;Kasai-Oriental;1731
2020-02-01;23:30:00;WE;Kasai-Oriental;Entree;Lomami;Kasai-Oriental;1731
2020-02-01;23:30:00;WE;Kasai-Oriental;Entree;Lomami;Lomami;865
2020-02-01;23:30:00;WE;Kasai-Oriental;Sortie;Hors_Zone;Hors_Zone;1731
2020-02-01;23:30:00;WE;Kasai-Oriental;Sortie;Hors_Zone;Kasai-Oriental;865
2020-02-01;23:30:00;WE;Kasai-Oriental;Sortie;Kasai-Oriental;Kasai-Oriental;1731
2020-02-01;23:30:00;WE;Kasai-Oriental;Sortie;Kasai-Oriental;Lomami;865
2020-02-01;23:30:00;WE;Kasai-Oriental;Sortie;Lomami;Kasai-Oriental;865
2020-02-01;23:30:00;WE;Kasai-Oriental;Sortie;Lomami;Lomami;9465
2020-02-01;23:30:00;WE;Kinshasa;Entree;Kinshasa;Kinshasa;1229
2020-02-01;23:30:00;WE;Kinshasa;Entree;Kongo-Central;Kongo-Central;299
2020-02-01;23:30:00;WE;Kinshasa;Sortie;Hors_Zone;Hors_Zone;299
2020-02-01;23:30:00;WE;Kinshasa;Sortie;Kinshasa;Kinshasa;464
2020-02-01;23:30:00;WE;Kongo-Central;Entree;Hors_Zone;Kinshasa;299
2020-02-01;23:30:00;WE;Kongo-Central;Entree;Kinshasa;Kinshasa;532
2020-02-01;23:30:00;WE;Kongo-Central;Sortie;Kinshasa;Kinshasa;1296
2020-02-01;23:30:00;WE;Lomami;Entree;Hors_Zone;Kasai-Oriental;865
2020-02-01;23:30:00;WE;Lomami;Entree;Kasai-Oriental;Hors_Zone;1731
2020-02-01;23:30:00;WE;Lomami;Entree;Kasai-Oriental;Kasai-Oriental;2596
2020-02-01;23:30:00;WE;Lomami;Entree;Lomami;Kasai-Oriental;865
2020-02-01;23:30:00;WE;Lomami;Entree;Lomami;Lomami;9465
2020-02-01;23:30:00;WE;Lomami;Sortie;Hors_Zone;Hors_Zone;865
2020-02-01;23:30:00;WE;Lomami;Sortie;Kasai-Oriental;Kasai-Oriental;2596
2020-02-01;23:30:00;WE;Lomami;Sortie;Lomami;Kasai-Oriental;865
2020-02-01;23:30:00;WE;Lomami;Sortie;Lomami;Lomami;865
2020-02-01;23:30:00;WE;Lualaba;Entree;Haut-Katanga;Haut-Katanga;3483
2020-02-01;23:30:00;WE;Lualaba;Entree;Haut-Katanga;Hors_Zone;348
2020-02-01;23:30:00;WE;Lualaba;Entree;Haut-Katanga;Lualaba;348
2020-02-01;23:30:00;WE;Lualaba;Entree;Hors_Zone;Hors_Zone;348
2020-02-01;23:30:00;WE;Lualaba;Entree;Lualaba;Lualaba;348
2020-02-01;23:30:00;WE;Lualaba;Sortie;Haut-Katanga;Haut-Katanga;1045
2020-02-01;23:30:00;WE;Lualaba;Sortie;Haut-Katanga;Lualaba;348
2020-02-01;23:30:00;WE;Lualaba;Sortie;Hors_Zone;Hors_Zone;1045
2020-02-01;23:30:00;WE;Nord-Kivu;Entree;Nord-Kivu;Nord-Kivu;2397
2020-02-01;23:30:00;WE;Nord-Kivu;Entree;Nord-Kivu;Sud-Kivu;2397
2020-02-01;23:30:00;WE;Nord-Kivu;Sortie;Nord-Kivu;Nord-Kivu;4794
2020-02-01;23:30:00;WE;Sud-Kivu;Entree;Nord-Kivu;Hors_Zone;2397
2020-02-01;23:30:00;WE;Sud-Kivu;Entree;Nord-Kivu;Nord-Kivu;4794
2020-02-01;23:30:00;WE;Sud-Kivu;Sortie;Nord-Kivu;Nord-Kivu;2397
