Origine;NomOrigine;Destination;NomDestination;Distance
1;Tanganyika;2;Mongala;1212850,186
1;Tanganyika;3;Sankuru;613568,9606
1;Tanganyika;4;Haut-Katanga;430979,0944
1;Tanganyika;5;Lualaba;596677,1658
1;Tanganyika;6;Kinshasa;1382108,979
1;Tanganyika;7;Nord-Ubangi;1400330,025
1;Tanganyika;8;Tshuapa;967960,7385
1;Tanganyika;9;Sud-Kivu;370564,6741
1;Tanganyika;10;Tshopo;847763,6084
1;Tanganyika;11;Kongo-Central;1544230,363
1;Tanganyika;12;Ituri;931440,8493
1;Tanganyika;13;Kasai;806260,8295
1;Tanganyika;14;Bas-Uele;1177622,702
1;Tanganyika;15;Lomami;391764,7323
1;Tanganyika;16;Kasai-Oriental;520192,0125
1;Tanganyika;17;Kwilu;1075918,402
1;Tanganyika;18;Mai-Ndombe;1155577,27
1;Tanganyika;19;Maniema;432954,4239
1;Tanganyika;20;Kwango;1143396,942
1;Tanganyika;21;Haut-Uele;1097362,631
1;Tanganyika;22;Sud-Ubangi;1451952,765
1;Tanganyika;23;Kasai-Central;633215,708
1;Tanganyika;24;Equateur;1276054,593
1;Tanganyika;25;Haut-Lomami;357271,436
1;Tanganyika;26;Nord-Kivu;661744,6684
2;Mongala;1;Tanganyika;1212850,186
2;Mongala;3;Sankuru;659329,3888
2;Mongala;4;Haut-Katanga;1554351,596
2;Mongala;5;Lualaba;1346045,207
2;Mongala;6;Kinshasa;954318,0931
2;Mongala;7;Nord-Ubangi;202016,0089
2;Mongala;8;Tshuapa;307147,5738
2;Mongala;9;Sud-Kivu;953377,1274
2;Mongala;10;Tshopo;448201,0483
2;Mongala;11;Kongo-Central;1143649,136
2;Mongala;12;Ituri;889027,1381
2;Mongala;13;Kasai;780529,8618
2;Mongala;14;Bas-Uele;437695,556
2;Mongala;15;Lomami;984433,0136
2;Mongala;16;Kasai-Oriental;938966,0963
2;Mongala;17;Kwilu;824436,7844
2;Mongala;18;Mai-Ndombe;625087,5953
2;Mongala;19;Maniema;791714,5855
2;Mongala;20;Kwango;1026778,561
2;Mongala;21;Haut-Uele;799077,654
2;Mongala;22;Sud-Ubangi;264043,3611
2;Mongala;23;Kasai-Central;926709,3939
2;Mongala;24;Equateur;354801,7509
2;Mongala;25;Haut-Lomami;1222601,527
2;Mongala;26;Nord-Kivu;854581,6971
3;Sankuru;1;Tanganyika;613568,9606
3;Sankuru;2;Mongala;659329,3888
3;Sankuru;4;Haut-Katanga;901234,0694
3;Sankuru;5;Lualaba;703746,8529
3;Sankuru;6;Kinshasa;860947,1646
3;Sankuru;7;Nord-Ubangi;860356,2136
3;Sankuru;8;Tshuapa;372383,2959
3;Sankuru;9;Sud-Kivu;517994,5883
3;Sankuru;10;Tshopo;473137,2516
3;Sankuru;11;Kongo-Central;1050349,966
3;Sankuru;12;Ituri;874535,6356
3;Sankuru;13;Kasai;321525,4577
3;Sankuru;14;Bas-Uele;804496,7372
3;Sankuru;15;Lomami;325122,3985
3;Sankuru;16;Kasai-Oriental;295367,8516
3;Sankuru;17;Kwilu;568095,7063
3;Sankuru;18;Mai-Ndombe;570896,2806
3;Sankuru;19;Maniema;316284,2047
3;Sankuru;20;Kwango;715277,4597
3;Sankuru;21;Haut-Uele;936961,327
3;Sankuru;22;Sud-Ubangi;867122,7152
3;Sankuru;23;Kasai-Central;327716,6019
3;Sankuru;24;Equateur;663318,0769
3;Sankuru;25;Haut-Lomami;563274,8945
3;Sankuru;26;Nord-Kivu;650458,9718
4;Haut-Katanga;1;Tanganyika;430979,0944
4;Haut-Katanga;2;Mongala;1554351,596
4;Haut-Katanga;3;Sankuru;901234,0694
4;Haut-Katanga;5;Lualaba;437382,2261
4;Haut-Katanga;6;Kinshasa;1474179,893
4;Haut-Katanga;7;Nord-Ubangi;1752123,722
4;Haut-Katanga;8;Tshuapa;1273389,726
4;Haut-Katanga;9;Sud-Kivu;800966,6695
4;Haut-Katanga;10;Tshopo;1243418,926
4;Haut-Katanga;11;Kongo-Central;1596204,365
4;Haut-Katanga;12;Ituri;1361836,261
4;Haut-Katanga;13;Kasai;959781,5529
4;Haut-Katanga;14;Bas-Uele;1584976,457
4;Haut-Katanga;15;Lomami;583139,1605
4;Haut-Katanga;16;Kasai-Oriental;672389,8557
4;Haut-Katanga;17;Kwilu;1191045,702
4;Haut-Katanga;18;Mai-Ndombe;1339358,586
4;Haut-Katanga;19;Maniema;829316,2883
4;Haut-Katanga;20;Kwango;1184233,453
4;Haut-Katanga;21;Haut-Uele;1527899,93
4;Haut-Katanga;22;Sud-Ubangi;1768066,524
4;Haut-Katanga;23;Kasai-Central;751719,7767
4;Haut-Katanga;24;Equateur;1539219,916
4;Haut-Katanga;25;Haut-Lomami;360327,8744
4;Haut-Katanga;26;Nord-Kivu;1092715,533
5;Lualaba;1;Tanganyika;596677,1658
5;Lualaba;2;Mongala;1346045,207
5;Lualaba;3;Sankuru;703746,8529
5;Lualaba;4;Haut-Katanga;437382,2261
5;Lualaba;6;Kinshasa;1064687,969
5;Lualaba;7;Nord-Ubangi;1547831,802
5;Lualaba;8;Tshuapa;1041111,074
5;Lualaba;9;Sud-Kivu;876752,9408
5;Lualaba;10;Tshopo;1150525,529
5;Lualaba;11;Kongo-Central;1170545,099
5;Lualaba;12;Ituri;1424367,829
5;Lualaba;13;Kasai;622197,1749
5;Lualaba;14;Bas-Uele;1495517,741
5;Lualaba;15;Lomami;409733,56
5;Lualaba;16;Kasai-Oriental;409892,6197
5;Lualaba;17;Kwilu;804498,5277
5;Lualaba;18;Mai-Ndombe;988215,0902
5;Lualaba;19;Maniema;797545,3426
5;Lualaba;20;Kwango;763557,0016
5;Lualaba;21;Haut-Uele;1548335,754
5;Lualaba;22;Sud-Ubangi;1515876,971
5;Lualaba;23;Kasai-Central;428532,1277
5;Lualaba;24;Equateur;1242279,215
5;Lualaba;25;Haut-Lomami;244804,3022
5;Lualaba;26;Nord-Kivu;1151647,16
6;Kinshasa;1;Tanganyika;1382108,979
6;Kinshasa;2;Mongala;954318,0931
6;Kinshasa;3;Sankuru;860947,1646
6;Kinshasa;4;Haut-Katanga;1474179,893
6;Kinshasa;5;Lualaba;1064687,969
6;Kinshasa;7;Nord-Ubangi;1082920,179
6;Kinshasa;8;Tshuapa;772831,2286
6;Kinshasa;9;Sud-Kivu;1378052,535
6;Kinshasa;10;Tshopo;1168336,449
6;Kinshasa;11;Kongo-Central;200515,2058
6;Kinshasa;12;Ituri;1659065,693
6;Kinshasa;13;Kasai;578981,3134
6;Kinshasa;14;Bas-Uele;1360212,67
6;Kinshasa;15;Lomami;991464,5389
6;Kinshasa;16;Kasai-Oriental;864298,3761
6;Kinshasa;17;Kwilu;306788,5817
6;Kinshasa;18;Mai-Ndombe;349187,6375
6;Kinshasa;19;Maniema;1177219,525
6;Kinshasa;20;Kwango;309160,658
6;Kinshasa;21;Haut-Uele;1652422,778
6;Kinshasa;22;Sud-Ubangi;916567,4021
6;Kinshasa;23;Kasai-Central;755357,7788
6;Kinshasa;24;Equateur;615282,1722
6;Kinshasa;25;Haut-Lomami;1133629,206
6;Kinshasa;26;Nord-Kivu;1484483,24
7;Nord-Ubangi;1;Tanganyika;1400330,025
7;Nord-Ubangi;2;Mongala;202016,0089
7;Nord-Ubangi;3;Sankuru;860356,2136
7;Nord-Ubangi;4;Haut-Katanga;1752123,722
7;Nord-Ubangi;5;Lualaba;1547831,802
7;Nord-Ubangi;6;Kinshasa;1082920,179
7;Nord-Ubangi;8;Tshuapa;507665,3817
7;Nord-Ubangi;9;Sud-Kivu;1119893,414
7;Nord-Ubangi;10;Tshopo;593479,6945
7;Nord-Ubangi;11;Kongo-Central;1260631,175
7;Nord-Ubangi;12;Ituri;965928,3448
7;Nord-Ubangi;13;Kasai;975054,665
7;Nord-Ubangi;14;Bas-Uele;453658,6554
7;Nord-Ubangi;15;Lomami;1185292,308
7;Nord-Ubangi;16;Kasai-Oriental;1140976,53
7;Nord-Ubangi;17;Kwilu;993425,2109
7;Nord-Ubangi;18;Mai-Ndombe;778442,5309
7;Nord-Ubangi;19;Maniema;972672,5587
7;Nord-Ubangi;20;Kwango;1193486,142
7;Nord-Ubangi;21;Haut-Uele;837917,4341
7;Nord-Ubangi;22;Sud-Ubangi;208810,7647
7;Nord-Ubangi;23;Kasai-Central;1127311,035
7;Nord-Ubangi;24;Equateur;467845,826
7;Nord-Ubangi;25;Haut-Lomami;1423468,713
7;Nord-Ubangi;26;Nord-Kivu;983363,5428
8;Tshuapa;1;Tanganyika;967960,7385
8;Tshuapa;2;Mongala;307147,5738
8;Tshuapa;3;Sankuru;372383,2959
8;Tshuapa;4;Haut-Katanga;1273389,726
8;Tshuapa;5;Lualaba;1041111,074
8;Tshuapa;6;Kinshasa;772831,2286
8;Tshuapa;7;Nord-Ubangi;507665,3817
8;Tshuapa;9;Sud-Kivu;775599,3442
8;Tshuapa;10;Tshopo;403872,423
8;Tshuapa;11;Kongo-Central;972862,8296
8;Tshuapa;12;Ituri;901427,2921
8;Tshuapa;13;Kasai;478961,0988
8;Tshuapa;14;Bas-Uele;605905,2346
8;Tshuapa;15;Lomami;693727,2151
8;Tshuapa;16;Kasai-Oriental;636819,2416
8;Tshuapa;17;Kwilu;571217,3362
8;Tshuapa;18;Mai-Ndombe;423743,9765
8;Tshuapa;19;Maniema;583134,7399
8;Tshuapa;20;Kwango;770586,1685
8;Tshuapa;21;Haut-Uele;879953,6333
8;Tshuapa;22;Sud-Ubangi;494748,8497
8;Tshuapa;23;Kasai-Central;619719,8858
8;Tshuapa;24;Equateur;331704,5708
8;Tshuapa;25;Haut-Lomami;930351,78
8;Tshuapa;26;Nord-Kivu;772821,3493
9;Sud-Kivu;1;Tanganyika;370564,6741
9;Sud-Kivu;2;Mongala;953377,1274
9;Sud-Kivu;3;Sankuru;517994,5883
9;Sud-Kivu;4;Haut-Katanga;800966,6695
9;Sud-Kivu;5;Lualaba;876752,9408
9;Sud-Kivu;6;Kinshasa;1378052,535
9;Sud-Kivu;7;Nord-Ubangi;1119893,414
9;Sud-Kivu;8;Tshuapa;775599,3442
9;Sud-Kivu;10;Tshopo;531740,2461
9;Sud-Kivu;11;Kongo-Central;1564757,893
9;Sud-Kivu;12;Ituri;566756,164
9;Sud-Kivu;13;Kasai;817048,7239
9;Sud-Kivu;14;Bas-Uele;832526,1891
9;Sud-Kivu;15;Lomami;517347,9511
9;Sud-Kivu;16;Kasai-Oriental;617730,9632
9;Sud-Kivu;17;Kwilu;1080382,915
9;Sud-Kivu;18;Mai-Ndombe;1083188,94
9;Sud-Kivu;19;Maniema;204559,2299
9;Sud-Kivu;20;Kwango;1206276,035
9;Sud-Kivu;21;Haut-Uele;726941,9987
9;Sud-Kivu;22;Sud-Ubangi;1211769,122
9;Sud-Kivu;23;Kasai-Central;721250,1926
9;Sud-Kivu;24;Equateur;1106742,74
9;Sud-Kivu;25;Haut-Lomami;637142,0053
9;Sud-Kivu;26;Nord-Kivu;293123,5015
10;Tshopo;1;Tanganyika;847763,6084
10;Tshopo;2;Mongala;448201,0483
10;Tshopo;3;Sankuru;473137,2516
10;Tshopo;4;Haut-Katanga;1243418,926
10;Tshopo;5;Lualaba;1150525,529
10;Tshopo;6;Kinshasa;1168336,449
10;Tshopo;7;Nord-Ubangi;593479,6945
10;Tshopo;8;Tshuapa;403872,423
10;Tshopo;9;Sud-Kivu;531740,2461
10;Tshopo;11;Kongo-Central;1368845,443
10;Tshopo;12;Ituri;497681,1086
10;Tshopo;13;Kasai;754169,5923
10;Tshopo;14;Bas-Uele;347855,9733
10;Tshopo;15;Lomami;743111,1224
10;Tshopo;16;Kasai-Oriental;757084,7783
10;Tshopo;17;Kwilu;932564,9403
10;Tshopo;18;Mai-Ndombe;821836,1315
10;Tshopo;19;Maniema;416929,1087
10;Tshopo;20;Kwango;1118078,907
10;Tshopo;21;Haut-Uele;492046,77
10;Tshopo;22;Sud-Ubangi;712207,0172
10;Tshopo;23;Kasai-Central;800853,8433
10;Tshopo;24;Equateur;700318,9419
10;Tshopo;25;Haut-Lomami;964371,1049
10;Tshopo;26;Nord-Kivu;407694,8187
11;Kongo-Central;1;Tanganyika;1544230,363
11;Kongo-Central;2;Mongala;1143649,136
11;Kongo-Central;3;Sankuru;1050349,966
11;Kongo-Central;4;Haut-Katanga;1596204,365
11;Kongo-Central;5;Lualaba;1170545,099
11;Kongo-Central;6;Kinshasa;200515,2058
11;Kongo-Central;7;Nord-Ubangi;1260631,175
11;Kongo-Central;8;Tshuapa;972862,8296
11;Kongo-Central;9;Sud-Kivu;1564757,893
11;Kongo-Central;10;Tshopo;1368845,443
11;Kongo-Central;12;Ituri;1859159,675
11;Kongo-Central;13;Kasai;753849,208
11;Kongo-Central;14;Bas-Uele;1556358,997
11;Kongo-Central;15;Lomami;1152543,934
11;Kongo-Central;16;Kasai-Oriental;1024050,771
11;Kongo-Central;17;Kwilu;484582,4561
11;Kongo-Central;18;Mai-Ndombe;549119,6406
11;Kongo-Central;19;Maniema;1366204,425
11;Kongo-Central;20;Kwango;413160,9565
11;Kongo-Central;21;Haut-Uele;1852662,385
11;Kongo-Central;22;Sud-Ubangi;1083001,658
11;Kongo-Central;23;Kasai-Central;911329,8429
11;Kongo-Central;24;Equateur;796659,1467
11;Kongo-Central;25;Haut-Lomami;1271170,417
11;Kongo-Central;26;Nord-Kivu;1681261,361
12;Ituri;1;Tanganyika;931440,8493
12;Ituri;2;Mongala;889027,1381
12;Ituri;3;Sankuru;874535,6356
12;Ituri;4;Haut-Katanga;1361836,261
12;Ituri;5;Lualaba;1424367,829
12;Ituri;6;Kinshasa;1659065,693
12;Ituri;7;Nord-Ubangi;965928,3448
12;Ituri;8;Tshuapa;901427,2921
12;Ituri;9;Sud-Kivu;566756,164
12;Ituri;10;Tshopo;497681,1086
12;Ituri;11;Kongo-Central;1859159,675
12;Ituri;13;Kasai;1191766,665
12;Ituri;14;Bas-Uele;526468,7793
12;Ituri;15;Lomami;1031263,107
12;Ituri;16;Kasai-Oriental;1097882,716
12;Ituri;17;Kwilu;1405775,019
12;Ituri;18;Mai-Ndombe;1315786,484
12;Ituri;19;Maniema;634902,1909
12;Ituri;20;Kwango;1578069,982
12;Ituri;21;Haut-Uele;202965,2235
12;Ituri;22;Sud-Ubangi;1137666,804
12;Ituri;23;Kasai-Central;1176876,471
12;Ituri;24;Equateur;1189080,077
12;Ituri;25;Haut-Lomami;1193273,146
12;Ituri;26;Nord-Kivu;275329,9576
13;Kasai;1;Tanganyika;806260,8295
13;Kasai;2;Mongala;780529,8618
13;Kasai;3;Sankuru;321525,4577
13;Kasai;4;Haut-Katanga;959781,5529
13;Kasai;5;Lualaba;622197,1749
13;Kasai;6;Kinshasa;578981,3134
13;Kasai;7;Nord-Ubangi;975054,665
13;Kasai;8;Tshuapa;478961,0988
13;Kasai;9;Sud-Kivu;817048,7239
13;Kasai;10;Tshopo;754169,5923
13;Kasai;11;Kongo-Central;753849,208
13;Kasai;12;Ituri;1191766,665
13;Kasai;14;Bas-Uele;1049385,481
13;Kasai;15;Lomami;420056,6804
13;Kasai;16;Kasai-Oriental;298714,3501
13;Kasai;17;Kwilu;272387,8955
13;Kasai;18;Mai-Ndombe;379646,4416
13;Kasai;19;Maniema;625536,4973
13;Kasai;20;Kwango;394563,9078
13;Kasai;21;Haut-Uele;1238873,83
13;Kasai;22;Sud-Ubangi;910202,8995
13;Kasai;23;Kasai-Central;208417,5314
13;Kasai;24;Equateur;622062,6746
13;Kasai;25;Haut-Lomami;600695,456
13;Kasai;26;Nord-Kivu;971932,3554
14;Bas-Uele;1;Tanganyika;1177622,702
14;Bas-Uele;2;Mongala;437695,556
14;Bas-Uele;3;Sankuru;804496,7372
14;Bas-Uele;4;Haut-Katanga;1584976,457
14;Bas-Uele;5;Lualaba;1495517,741
14;Bas-Uele;6;Kinshasa;1360212,67
14;Bas-Uele;7;Nord-Ubangi;453658,6554
14;Bas-Uele;8;Tshuapa;605905,2346
14;Bas-Uele;9;Sud-Kivu;832526,1891
14;Bas-Uele;10;Tshopo;347855,9733
14;Bas-Uele;11;Kongo-Central;1556358,997
14;Bas-Uele;12;Ituri;526468,7793
14;Bas-Uele;13;Kasai;1049385,481
14;Bas-Uele;15;Lomami;1089803,725
14;Bas-Uele;16;Kasai-Oriental;1096256,044
14;Bas-Uele;17;Kwilu;1177061,244
14;Bas-Uele;18;Mai-Ndombe;1014845,499
14;Bas-Uele;19;Maniema;755660,4866
14;Bas-Uele;20;Kwango;1375552,587
14;Bas-Uele;21;Haut-Uele;384291,6764
14;Bas-Uele;22;Sud-Ubangi;646129,2827
14;Bas-Uele;23;Kasai-Central;1128775,631
14;Bas-Uele;24;Equateur;787652,347
14;Bas-Uele;25;Haut-Lomami;1312223,185
14;Bas-Uele;26;Nord-Kivu;613353,667
15;Lomami;1;Tanganyika;391764,7323
15;Lomami;2;Mongala;984433,0136
15;Lomami;3;Sankuru;325122,3985
15;Lomami;4;Haut-Katanga;583139,1605
15;Lomami;5;Lualaba;409733,56
15;Lomami;6;Kinshasa;991464,5389
15;Lomami;7;Nord-Ubangi;1185292,308
15;Lomami;8;Tshuapa;693727,2151
15;Lomami;9;Sud-Kivu;517347,9511
15;Lomami;10;Tshopo;743111,1224
15;Lomami;11;Kongo-Central;1152543,934
15;Lomami;12;Ituri;1031263,107
15;Lomami;13;Kasai;420056,6804
15;Lomami;14;Bas-Uele;1089803,725
15;Lomami;16;Kasai-Oriental;128535,1033
15;Lomami;17;Kwilu;686113,8094
15;Lomami;18;Mai-Ndombe;785880,9931
15;Lomami;19;Maniema;396819,7714
15;Lomami;20;Kwango;754208,7003
15;Lomami;21;Haut-Uele;1143512,583
15;Lomami;22;Sud-Ubangi;1187355,742
15;Lomami;23;Kasai-Central;242338,5921
15;Lomami;24;Equateur;957882,0091
15;Lomami;25;Haut-Lomami;238182,6731
15;Lomami;26;Nord-Kivu;764908,2675
16;Kasai-Oriental;1;Tanganyika;520192,0125
16;Kasai-Oriental;2;Mongala;938966,0963
16;Kasai-Oriental;3;Sankuru;295367,8516
16;Kasai-Oriental;4;Haut-Katanga;672389,8557
16;Kasai-Oriental;5;Lualaba;409892,6197
16;Kasai-Oriental;6;Kinshasa;864298,3761
16;Kasai-Oriental;7;Nord-Ubangi;1140976,53
16;Kasai-Oriental;8;Tshuapa;636819,2416
16;Kasai-Oriental;9;Sud-Kivu;617730,9632
16;Kasai-Oriental;10;Tshopo;757084,7783
16;Kasai-Oriental;11;Kongo-Central;1024050,771
16;Kasai-Oriental;12;Ituri;1097882,716
16;Kasai-Oriental;13;Kasai;298714,3501
16;Kasai-Oriental;14;Bas-Uele;1096256,044
16;Kasai-Oriental;15;Lomami;128535,1033
16;Kasai-Oriental;17;Kwilu;559918,4812
16;Kasai-Oriental;18;Mai-Ndombe;673020,7203
16;Kasai-Oriental;19;Maniema;467766,7201
16;Kasai-Oriental;20;Kwango;626357,2974
16;Kasai-Oriental;21;Haut-Uele;1192044,049
16;Kasai-Oriental;22;Sud-Ubangi;1122009,004
16;Kasai-Oriental;23;Kasai-Central;114322,4298
16;Kasai-Oriental;24;Equateur;871181,3434
16;Kasai-Oriental;25;Haut-Lomami;312562,7567
16;Kasai-Oriental;26;Nord-Kivu;841386,6684
17;Kwilu;1;Tanganyika;1075918,402
17;Kwilu;2;Mongala;824436,7844
17;Kwilu;3;Sankuru;568095,7063
17;Kwilu;4;Haut-Katanga;1191045,702
17;Kwilu;5;Lualaba;804498,5277
17;Kwilu;6;Kinshasa;306788,5817
17;Kwilu;7;Nord-Ubangi;993425,2109
17;Kwilu;8;Tshuapa;571217,3362
17;Kwilu;9;Sud-Kivu;1080382,915
17;Kwilu;10;Tshopo;932564,9403
17;Kwilu;11;Kongo-Central;484582,4561
17;Kwilu;12;Ituri;1405775,019
17;Kwilu;13;Kasai;272387,8955
17;Kwilu;14;Bas-Uele;1177061,244
17;Kwilu;15;Lomami;686113,8094
17;Kwilu;16;Kasai-Oriental;559918,4812
17;Kwilu;18;Mai-Ndombe;231500,1472
17;Kwilu;19;Maniema;882891,8117
17;Kwilu;20;Kwango;202534,4797
17;Kwilu;21;Haut-Uele;1424511,404
17;Kwilu;22;Sud-Ubangi;874077,7467
17;Kwilu;23;Kasai-Central;453869,02
17;Kwilu;24;Equateur;554960,3045
17;Kwilu;25;Haut-Lomami;841027,9045
17;Kwilu;26;Nord-Kivu;1209070,38
18;Mai-Ndombe;1;Tanganyika;1155577,27
18;Mai-Ndombe;2;Mongala;625087,5953
18;Mai-Ndombe;3;Sankuru;570896,2806
18;Mai-Ndombe;4;Haut-Katanga;1339358,586
18;Mai-Ndombe;5;Lualaba;988215,0902
18;Mai-Ndombe;6;Kinshasa;349187,6375
18;Mai-Ndombe;7;Nord-Ubangi;778442,5309
18;Mai-Ndombe;8;Tshuapa;423743,9765
18;Mai-Ndombe;9;Sud-Kivu;1083188,94
18;Mai-Ndombe;10;Tshopo;821836,1315
18;Mai-Ndombe;11;Kongo-Central;549119,6406
18;Mai-Ndombe;12;Ituri;1315786,484
18;Mai-Ndombe;13;Kasai;379646,4416
18;Mai-Ndombe;14;Bas-Uele;1014845,499
18;Mai-Ndombe;15;Lomami;785880,9931
18;Mai-Ndombe;16;Kasai-Oriental;673020,7203
18;Mai-Ndombe;17;Kwilu;231500,1472
18;Mai-Ndombe;19;Maniema;878693,5169
18;Mai-Ndombe;20;Kwango;420278,2575
18;Mai-Ndombe;21;Haut-Uele;1303591,601
18;Mai-Ndombe;22;Sud-Ubangi;646083,4638
18;Mai-Ndombe;23;Kasai-Central;588006,5919
18;Mai-Ndombe;24;Equateur;326014,8101
18;Mai-Ndombe;25;Haut-Lomami;979893,7635
18;Mai-Ndombe;26;Nord-Kivu;1155605,806
19;Maniema;1;Tanganyika;432954,4239
19;Maniema;2;Mongala;791714,5855
19;Maniema;3;Sankuru;316284,2047
19;Maniema;4;Haut-Katanga;829316,2883
19;Maniema;5;Lualaba;797545,3426
19;Maniema;6;Kinshasa;1177219,525
19;Maniema;7;Nord-Ubangi;972672,5587
19;Maniema;8;Tshuapa;583134,7399
19;Maniema;9;Sud-Kivu;204559,2299
19;Maniema;10;Tshopo;416929,1087
19;Maniema;11;Kongo-Central;1366204,425
19;Maniema;12;Ituri;634902,1909
19;Maniema;13;Kasai;625536,4973
19;Maniema;14;Bas-Uele;755660,4866
19;Maniema;15;Lomami;396819,7714
19;Maniema;16;Kasai-Oriental;467766,7201
19;Maniema;17;Kwilu;882891,8117
19;Maniema;18;Mai-Ndombe;878693,5169
19;Maniema;20;Kwango;1018904,735
19;Maniema;21;Haut-Uele;750951,0106
19;Maniema;22;Sud-Ubangi;1041613,086
19;Maniema;23;Kasai-Central;557812,7013
19;Maniema;24;Equateur;911683,2547
19;Maniema;25;Haut-Lomami;580213,4559
19;Maniema;26;Nord-Kivu;373629,6039
20;Kwango;1;Tanganyika;1143396,942
20;Kwango;2;Mongala;1026778,561
20;Kwango;3;Sankuru;715277,4597
20;Kwango;4;Haut-Katanga;1184233,453
20;Kwango;5;Lualaba;763557,0016
20;Kwango;6;Kinshasa;309160,658
20;Kwango;7;Nord-Ubangi;1193486,142
20;Kwango;8;Tshuapa;770586,1685
20;Kwango;9;Sud-Kivu;1206276,035
20;Kwango;10;Tshopo;1118078,907
20;Kwango;11;Kongo-Central;413160,9565
20;Kwango;12;Ituri;1578069,982
20;Kwango;13;Kasai;394563,9078
20;Kwango;14;Bas-Uele;1375552,587
20;Kwango;15;Lomami;754208,7003
20;Kwango;16;Kasai-Oriental;626357,2974
20;Kwango;17;Kwilu;202534,4797
20;Kwango;18;Mai-Ndombe;420278,2575
20;Kwango;19;Maniema;1018904,735
20;Kwango;21;Haut-Uele;1609605,751
20;Kwango;22;Sud-Ubangi;1066222,733
20;Kwango;23;Kasai-Central;512056,9012
20;Kwango;24;Equateur;746134,3375
20;Kwango;25;Haut-Lomami;858615,5425
20;Kwango;26;Nord-Kivu;1365573,927
21;Haut-Uele;1;Tanganyika;1097362,631
21;Haut-Uele;2;Mongala;799077,654
21;Haut-Uele;3;Sankuru;936961,327
21;Haut-Uele;4;Haut-Katanga;1527899,93
21;Haut-Uele;5;Lualaba;1548335,754
21;Haut-Uele;6;Kinshasa;1652422,778
21;Haut-Uele;7;Nord-Ubangi;837917,4341
21;Haut-Uele;8;Tshuapa;879953,6333
21;Haut-Uele;9;Sud-Kivu;726941,9987
21;Haut-Uele;10;Tshopo;492046,77
21;Haut-Uele;11;Kongo-Central;1852662,385
21;Haut-Uele;12;Ituri;202965,2235
21;Haut-Uele;13;Kasai;1238873,83
21;Haut-Uele;14;Bas-Uele;384291,6764
21;Haut-Uele;15;Lomami;1143512,583
21;Haut-Uele;16;Kasai-Oriental;1192044,049
21;Haut-Uele;17;Kwilu;1424511,404
21;Haut-Uele;18;Mai-Ndombe;1303591,601
21;Haut-Uele;19;Maniema;750951,0106
21;Haut-Uele;20;Kwango;1609605,751
21;Haut-Uele;22;Sud-Ubangi;1027029,774
21;Haut-Uele;23;Kasai-Central;1257203,695
21;Haut-Uele;24;Equateur;1129737,177
21;Haut-Uele;25;Haut-Lomami;1328065,08
21;Haut-Uele;26;Nord-Kivu;437322,2008
22;Sud-Ubangi;1;Tanganyika;1451952,765
22;Sud-Ubangi;2;Mongala;264043,3611
22;Sud-Ubangi;3;Sankuru;867122,7152
22;Sud-Ubangi;4;Haut-Katanga;1768066,524
22;Sud-Ubangi;5;Lualaba;1515876,971
22;Sud-Ubangi;6;Kinshasa;916567,4021
22;Sud-Ubangi;7;Nord-Ubangi;208810,7647
22;Sud-Ubangi;8;Tshuapa;494748,8497
22;Sud-Ubangi;9;Sud-Kivu;1211769,122
22;Sud-Ubangi;10;Tshopo;712207,0172
22;Sud-Ubangi;11;Kongo-Central;1083001,658
22;Sud-Ubangi;12;Ituri;1137666,804
22;Sud-Ubangi;13;Kasai;910202,8995
22;Sud-Ubangi;14;Bas-Uele;646129,2827
22;Sud-Ubangi;15;Lomami;1187355,742
22;Sud-Ubangi;16;Kasai-Oriental;1122009,004
22;Sud-Ubangi;17;Kwilu;874077,7467
22;Sud-Ubangi;18;Mai-Ndombe;646083,4638
22;Sud-Ubangi;19;Maniema;1041613,086
22;Sud-Ubangi;20;Kwango;1066222,733
22;Sud-Ubangi;21;Haut-Uele;1027029,774
22;Sud-Ubangi;23;Kasai-Central;1087598,791
22;Sud-Ubangi;24;Equateur;320092,6999
22;Sud-Ubangi;25;Haut-Lomami;1422692,132
22;Sud-Ubangi;26;Nord-Kivu;1118069,677
23;Kasai-Central;1;Tanganyika;633215,708
23;Kasai-Central;2;Mongala;926709,3939
23;Kasai-Central;3;Sankuru;327716,6019
23;Kasai-Central;4;Haut-Katanga;751719,7767
23;Kasai-Central;5;Lualaba;428532,1277
23;Kasai-Central;6;Kinshasa;755357,7788
23;Kasai-Central;7;Nord-Ubangi;1127311,035
23;Kasai-Central;8;Tshuapa;619719,8858
23;Kasai-Central;9;Sud-Kivu;721250,1926
23;Kasai-Central;10;Tshopo;800853,8433
23;Kasai-Central;11;Kongo-Central;911329,8429
23;Kasai-Central;12;Ituri;1176876,471
23;Kasai-Central;13;Kasai;208417,5314
23;Kasai-Central;14;Bas-Uele;1128775,631
23;Kasai-Central;15;Lomami;242338,5921
23;Kasai-Central;16;Kasai-Oriental;114322,4298
23;Kasai-Central;17;Kwilu;453869,02
23;Kasai-Central;18;Mai-Ndombe;588006,5919
23;Kasai-Central;19;Maniema;557812,7013
23;Kasai-Central;20;Kwango;512056,9012
23;Kasai-Central;21;Haut-Uele;1257203,695
23;Kasai-Central;22;Sud-Ubangi;1087598,791
23;Kasai-Central;24;Equateur;816547,9359
23;Kasai-Central;25;Haut-Lomami;393600,9936
23;Kasai-Central;26;Nord-Kivu;928995,8937
24;Equateur;1;Tanganyika;1276054,593
24;Equateur;2;Mongala;354801,7509
24;Equateur;3;Sankuru;663318,0769
24;Equateur;4;Haut-Katanga;1539219,916
24;Equateur;5;Lualaba;1242279,215
24;Equateur;6;Kinshasa;615282,1722
24;Equateur;7;Nord-Ubangi;467845,826
24;Equateur;8;Tshuapa;331704,5708
24;Equateur;9;Sud-Kivu;1106742,74
24;Equateur;10;Tshopo;700318,9419
24;Equateur;11;Kongo-Central;796659,1467
24;Equateur;12;Ituri;1189080,077
24;Equateur;13;Kasai;622062,6746
24;Equateur;14;Bas-Uele;787652,347
24;Equateur;15;Lomami;957882,0091
24;Equateur;16;Kasai-Oriental;871181,3434
24;Equateur;17;Kwilu;554960,3045
24;Equateur;18;Mai-Ndombe;326014,8101
24;Equateur;19;Maniema;911683,2547
24;Equateur;20;Kwango;746134,3375
24;Equateur;21;Haut-Uele;1129737,177
24;Equateur;22;Sud-Ubangi;320092,6999
24;Equateur;23;Kasai-Central;816547,9359
24;Equateur;25;Haut-Lomami;1182358,896
24;Equateur;26;Nord-Kivu;1093212,906
25;Haut-Lomami;1;Tanganyika;357271,436
25;Haut-Lomami;2;Mongala;1222601,527
25;Haut-Lomami;3;Sankuru;563274,8945
25;Haut-Lomami;4;Haut-Katanga;360327,8744
25;Haut-Lomami;5;Lualaba;244804,3022
25;Haut-Lomami;6;Kinshasa;1133629,206
25;Haut-Lomami;7;Nord-Ubangi;1423468,713
25;Haut-Lomami;8;Tshuapa;930351,78
25;Haut-Lomami;9;Sud-Kivu;637142,0053
25;Haut-Lomami;10;Tshopo;964371,1049
25;Haut-Lomami;11;Kongo-Central;1271170,417
25;Haut-Lomami;12;Ituri;1193273,146
25;Haut-Lomami;13;Kasai;600695,456
25;Haut-Lomami;14;Bas-Uele;1312223,185
25;Haut-Lomami;15;Lomami;238182,6731
25;Haut-Lomami;16;Kasai-Oriental;312562,7567
25;Haut-Lomami;17;Kwilu;841027,9045
25;Haut-Lomami;18;Mai-Ndombe;979893,7635
25;Haut-Lomami;19;Maniema;580213,4559
25;Haut-Lomami;20;Kwango;858615,5425
25;Haut-Lomami;21;Haut-Uele;1328065,08
25;Haut-Lomami;22;Sud-Ubangi;1422692,132
25;Haut-Lomami;23;Kasai-Central;393600,9936
25;Haut-Lomami;24;Equateur;1182358,896
25;Haut-Lomami;26;Nord-Kivu;918619,9438
26;Nord-Kivu;1;Tanganyika;661744,6684
26;Nord-Kivu;2;Mongala;854581,6971
26;Nord-Kivu;3;Sankuru;650458,9718
26;Nord-Kivu;4;Haut-Katanga;1092715,533
26;Nord-Kivu;5;Lualaba;1151647,16
26;Nord-Kivu;6;Kinshasa;1484483,24
26;Nord-Kivu;7;Nord-Ubangi;983363,5428
26;Nord-Kivu;8;Tshuapa;772821,3493
26;Nord-Kivu;9;Sud-Kivu;293123,5015
26;Nord-Kivu;10;Tshopo;407694,8187
26;Nord-Kivu;11;Kongo-Central;1681261,361
26;Nord-Kivu;12;Ituri;275329,9576
26;Nord-Kivu;13;Kasai;971932,3554
26;Nord-Kivu;14;Bas-Uele;613353,667
26;Nord-Kivu;15;Lomami;764908,2675
26;Nord-Kivu;16;Kasai-Oriental;841386,6684
26;Nord-Kivu;17;Kwilu;1209070,38
26;Nord-Kivu;18;Mai-Ndombe;1155605,806
26;Nord-Kivu;19;Maniema;373629,6039
26;Nord-Kivu;20;Kwango;1365573,927
26;Nord-Kivu;21;Haut-Uele;437322,2008
26;Nord-Kivu;22;Sud-Ubangi;1118069,677
26;Nord-Kivu;23;Kasai-Central;928995,8937
26;Nord-Kivu;24;Equateur;1093212,906
26;Nord-Kivu;25;Haut-Lomami;918619,9438
